bout_id,event_id,promotion_id,bout_order,division,weight_class_id,bout_type,fighter_a_id,fighter_a,fighter_a_corner,fighter_b_id,fighter_b,fighter_b_corner,winner_id,winner,loser_id,loser,round,time,method_raw,method_normalized,technique,decision_score,is_title_bout,title_id,title_result,title_note,source_article_id,notes,result_status,inferred_from_video_id,inferred_from_video_title,inferred_confidence
mh-39-p5x_vjofkfi,mh-39,mh,2,ミドル級,middleweight,video_catalog_bout,python_hayashi,ぱいそんはやし,,janimad_tospach_live_public_viewing_ver,Janimad Tospach Live Public Viewing ver.,,,,,,,,,,,,false,,,,,勝敗・決着未入力。公式YouTube動画タイトルから抽出。,unknown,youtube_p5x_vjofkfi,【ぱいそんはやしvsジャニマード・トスパチ】ライブパブリックビューイングver．マウンテン・ヒーローズNo.39ミドル級ワンマッチ,high
max-bout-7-lightweight-gp-qh7lihmzubc,max-bout-7-lightweight-gp,max_bout,15,ライト級,lightweight,tournament_bout,sangoku,さんごく,,fighter_25fddbaacc,ダブド・ガブリシャン,,,,,,,,,,,,false,,,,,勝敗・決着未入力。公式YouTube動画タイトルから抽出。,unknown,youtube_qh7lihmzubc,第7回MAXバウトライト級GP［Bブロック第四試合］さんごくvsダブド・ガブリシャンの見どころ動画【概要欄絶対に見て】,high
max-bout-7-lightweight-gp-krrg8fyx6gq,max-bout-7-lightweight-gp,max_bout,14,ライト級,lightweight,tournament_bout,waku,わく,,rolling_jr,ローリングジュニア,,,,,,,,,,,,false,,,,,勝敗・決着未入力。公式YouTube動画タイトルから抽出。,unknown,youtube_krrg8fyx6gq,第7回MAXバウトライト級GP［Bブロック第三試合］わくvsローリングジュニアの見どころ動画【概要欄絶対に見て】,high
max-bout-7-lightweight-gp-siu9zufuwuq,max-bout-7-lightweight-gp,max_bout,13,ライト級,lightweight,tournament_bout,fighter_82d519db98,イスカン・アステ,,kitamura,きたむら,,,,,,,,,,,,false,,,,,勝敗・決着未入力。公式YouTube動画タイトルから抽出。,unknown,youtube_siu9zufuwuq,第7回MAXバウトライト級GP［Bブロック第一試合］イスカン・アステvsきたむらの見どころ動画【概要欄絶対に見て】,high
max-bout-7-lightweight-gp-ose37zk9f4i,max-bout-7-lightweight-gp,max_bout,12,ライト級,lightweight,tournament_bout,marco_fraser,マルコ・フレイザー,,fighter_cdb8d47163,ワインセル,,,,,,,,,,,,false,,,,,勝敗・決着未入力。公式YouTube動画タイトルから抽出。,unknown,youtube_ose37zk9f4i,第7回MAXバウトライト級GP［Bブロック第ニ試合］マルコ・フレイザーvsワインセルの見どころ動画【概要欄絶対に見て】,high
max-bout-7-lightweight-gp-ge7twvxd9yu,max-bout-7-lightweight-gp,max_bout,8,ライト級,lightweight,tournament_bout,fighter_25fddbaacc,ダブド・ガブリシャン,,rolling_jr,ローリングジュニア,,,,,,,,,,,,false,,,,,勝敗・決着未入力。公式YouTube動画タイトルから抽出。,unknown,youtube_ge7twvxd9yu,【見どころ動画】第7回MAXバウトライト級GP二回戦［Bブロック第二試合］ダブド・ガブリシャンvsローリングジュニア【概要欄見て】,high
max-bout-7-lightweight-gp-2cpxeyxdlp8,max-bout-7-lightweight-gp,max_bout,7,ライト級,lightweight,tournament_bout,colt_apro,コルト・アプロー,,blue_one,ブルーワン,,,,,,,,,,,,false,,,,,勝敗・決着未入力。公式YouTube動画タイトルから抽出。,unknown,youtube_2cpxeyxdlp8,【見どころ動画】第7回MAXバウトライト級GP二回戦［Bブロック第一試合］コルト・アプローvsブルーワン【概要欄見て】,high
max-bout-7-lightweight-gp-3iszag1c2f0,max-bout-7-lightweight-gp,max_bout,6,ライト級,lightweight,tournament_bout,fighter_82d519db98,イスカン・アステ,,marco_fraser,マルコ・フレイザー,,,,,,,,,,,,false,,,,,勝敗・決着未入力。公式YouTube動画タイトルから抽出。,unknown,youtube_3iszag1c2f0,【見どころ動画】第7回MAXバウトライト級GP二回戦［Aブロック第二試合］イスカン・アステvsマルコ・フレイザー【概要欄見て】,high
max-bout-7-lightweight-gp-uqc4ki4qmai,max-bout-7-lightweight-gp,max_bout,5,ライト級,lightweight,tournament_bout,tsukurihara,つくりはら,,lander_devil,ランダーデビル,,,,,,,,,,,,false,,,,,勝敗・決着未入力。公式YouTube動画タイトルから抽出。,unknown,youtube_uqc4ki4qmai,【見どころ動画】第7回MAXバウトライト級GP二回戦［Aブロック第一試合］つくりはらvsランダーデビル【概要欄見て】,high
max-bout-unknown-special-one-match-4tzgvgx7cg8,max-bout-unknown-special-one-match,max_bout,5,,,special_one_match,misa_will_joe,ミサ・ウィル・ジョー,,rouged_starry,ルージュド・スターリー,,,,,,,,,,,,false,,,,,勝敗・決着未入力。公式YouTube動画タイトルから抽出。,unknown,youtube_4tzgvgx7cg8,【概要欄見て】MAXバウトスペシャルワンマッチ大会見どころ動画！ミサ・ウィル・ジョーvsルージュド・スターリー,medium
max-bout-unknown-special-one-match-lzu1p7ujdos,max-bout-unknown-special-one-match,max_bout,4,,,special_one_match,tail_junk,テール・ジャンク,,fighter_cc477f9dcf,タイプ・ジー,,,,,,,,,,,,false,,,,,勝敗・決着未入力。公式YouTube動画タイトルから抽出。,unknown,youtube_lzu1p7ujdos,【概要欄見て】MAXバウトスペシャルワンマッチ大会見どころ動画！テール・ジャンクvsタイプ・ジー,medium
max-bout-unknown-special-one-match-cgzqssiwtgw,max-bout-unknown-special-one-match,max_bout,3,,,special_one_match,fighter_5d7998006d,ダイス・ヴォルケード,,fighter_392d495da8,ライン・デュオ,,,,,,,,,,,,false,,,,,勝敗・決着未入力。公式YouTube動画タイトルから抽出。,unknown,youtube_cgzqssiwtgw,【概要欄見て】MAXバウトスペシャルワンマッチ大会見どころ動画！ダイス・ヴォルケードvsライン・デュオ,medium
max-bout-unknown-special-one-match-7jwrin5qehm,max-bout-unknown-special-one-match,max_bout,2,,,special_one_match,kabei,かべい,,sakaeda,さかえだ,,,,,,,,,,,,false,,,,,勝敗・決着未入力。公式YouTube動画タイトルから抽出。,unknown,youtube_7jwrin5qehm,【概要欄見て】MAXバウトスペシャルワンマッチ大会見どころ動画！かべいvsさかえだ,medium
max-bout-unknown-special-one-match-vbacvhixam4,max-bout-unknown-special-one-match,max_bout,1,,,special_one_match,otosawa,おとさわ,,rancher_sugaya,らんちゃーすがや,,,,,,,,,,,,false,,,,,勝敗・決着未入力。公式YouTube動画タイトルから抽出。,unknown,youtube_vbacvhixam4,【概要欄見て】MAXバウトスペシャルワンマッチ大会見どころ動画！おとさわvsらんちゃーすがや,medium
max-bout-7-lightweight-gp-eddeflnklfy,max-bout-7-lightweight-gp,max_bout,4,ライト級,lightweight,tournament_bout,colt_apro,コルト・アプロー,,daina,だいな,,,,,,,,,,,,false,,,,,勝敗・決着未入力。公式YouTube動画タイトルから抽出。,unknown,youtube_eddeflnklfy,【概要欄絶対に見て】第7回MAXバウトライト級GP［Aブロック第四試合］コルト・アプローvsだいなの見どころ動画,high
max-bout-7-lightweight-gp-zoa9z26fng0,max-bout-7-lightweight-gp,max_bout,3,ライト級,lightweight,tournament_bout,kuwashio,くわしお,,blue_one,ブルーワン,,,,,,,,,,,,false,,,,,勝敗・決着未入力。公式YouTube動画タイトルから抽出。,unknown,youtube_zoa9z26fng0,【概要欄絶対に見て】第7回MAXバウトライト級GP［Aブロック第二試合］くわしおvsブルーワンの見どころ動画,high
max-bout-7-lightweight-gp-pujzpgtph2w,max-bout-7-lightweight-gp,max_bout,2,ライト級,lightweight,tournament_bout,tsukurihara,つくりはら,,fighter_30b7a4a468,ステシエン・チェット,,,,,,,,,,,,false,,,,,勝敗・決着未入力。公式YouTube動画タイトルから抽出。,unknown,youtube_pujzpgtph2w,【概要欄絶対に見て】第7回MAXバウトライト級GP［Aブロック第三試合］つくりはらvsステシエン・チェットの見どころ動画,high
max-bout-7-lightweight-gp-yliawvelzbm,max-bout-7-lightweight-gp,max_bout,1,ライト級,lightweight,tournament_bout,lander_devil,ランダーデビル,,fighter_a5b1c7ad26,キマイラ,,,,,,,,,,,,false,,,,,勝敗・決着未入力。公式YouTube動画タイトルから抽出。,unknown,youtube_yliawvelzbm,【概要欄絶対に見て】第7回MAXバウトライト級GP［Aブロック第一試合］ランダーデビルvsキマイラの見どころ動画,high
max-bout-unknown-lightweight-tournament-574ikyazfj4,max-bout-unknown-lightweight-tournament,max_bout,5,ライト級,lightweight,one_match,marco_fraser,マルコ・フレイザー,,fighter_25fddbaacc,ダブド・ガブリシャン,,,,,,,,,,,,false,,,,,勝敗・決着未入力。公式YouTube動画タイトルから抽出。,unknown,youtube_574ikyazfj4,【マルコ・フレイザーvsダブド・ガブリシャン】MAXバウトライト級スペシャルワンマッチ【クロコップ荒木の実況付き】フルファイト！！,medium
max-bout-unknown-lightweight-tournament-f1u0bfqhu9o,max-bout-unknown-lightweight-tournament,max_bout,4,ライト級,lightweight,one_match,lander_devil,ランダーデビル,,waku,わく,,,,,,,,,,,,false,,,,,勝敗・決着未入力。公式YouTube動画タイトルから抽出。,unknown,youtube_f1u0bfqhu9o,【ランダーデビルvsわく】MAXバウトライト級スペシャルワンマッチ（クロコップ荒木の実況付き）フルファイト！！,medium
max-bout-unknown-lightweight-tournament-ooihz_c01e0,max-bout-unknown-lightweight-tournament,max_bout,3,ライト級,lightweight,one_match,kitamura,きたむら,,sangoku,さんごく,,,,,,,,,,,,false,,,,,勝敗・決着未入力。公式YouTube動画タイトルから抽出。,unknown,youtube_ooihz_c01e0,【きたむらvsさんごく】MAXバウトライト級スペシャルワンマッチ（クロコップ荒木の実況付き）フルファイト！！,medium
mh-37-n9hp48kuqp4,mh-37,mh,1,ミドル級,middleweight,video_catalog_bout,fighter_d9983ebeb3,クロノ・マリーケン,,fighter_5f53eea569,オーシューワイルド,,,,,,,,,,,,false,,,,,勝敗・決着未入力。公式YouTube動画タイトルから抽出。,unknown,youtube_n9hp48kuqp4,【煽りのみ】クロノ・マリーケンvsオーシューワイルド　マウンテン・ヒーローズNo.37 ミドル級ワンマッチ,high
max-bout-unknown-lightweight-tournament-bacmlios1i8,max-bout-unknown-lightweight-tournament,max_bout,2,ライト級,lightweight,one_match,colt_apro,コルト・アプロー,,tsukurihara,つくりはら,,,,,,,,,,,,false,,,,,勝敗・決着未入力。公式YouTube動画タイトルから抽出。,unknown,youtube_bacmlios1i8,【コルト・アプローvsつくりはら】MAXバウトライト級スペシャルワンマッチ 【クロコップ荒木の実況付き】フルファイト！！,medium
max-bout-unknown-lightweight-tournament-qtswvquloji,max-bout-unknown-lightweight-tournament,max_bout,1,ライト級,lightweight,one_match,blue_one,ブルーワン,,fighter_82d519db98,イスカン・アステ,,,,,,,,,,,,false,,,,,勝敗・決着未入力。公式YouTube動画タイトルから抽出。,unknown,youtube_qtswvquloji,【ブルーワンvsイスカン・アステ】MAXバウトライト級スペシャルワンマッチ （クロコップ荒木の実況付き）フルファイト！！,medium
target-14-d6tuqnfvmhy,target-14,target,1,,,preview_card,rancher_sugaya,らんちゃーすがや,,fighter_ffbd00f5ab,あかそ,,,,,,,,,,,,false,,,,,勝敗・決着未入力。公式YouTube動画タイトルから抽出。,unknown,youtube_d6tuqnfvmhy,11月30日（土）アラカクライブNo.14あります！！＊概要欄チェック！！！【らんちゃーすがやvsあかそ見どころ動画】,medium
target-100-4rgh2fs6rp8,target-100,target,2,ライト級,lightweight,title_match,waku,わく,,tsukurihara,つくりはら,,,,,,,,,,,,true,,,,,勝敗・決着未入力。公式YouTube動画タイトルから抽出。,unknown,youtube_4rgh2fs6rp8,【煽りＶのみ】わくvsつくりはら ターゲットNo.100 ライト級タイトルマッチ,high
target-100-1ptbs6ropuq,target-100,target,1,ミドル級,middleweight,title_match,kabei,かべい,,gitamin_aaron,ギタミン・アーロン,,,,,,,,,,,,true,,,,,勝敗・決着未入力。公式YouTube動画タイトルから抽出。,unknown,youtube_1ptbs6ropuq,【煽りＶのみ】かべいvsギタミン・アーロン ターゲットNo.100 ミドル級タイトルマッチ,high
target-98-bniqjtmfayw,target-98,target,1,ライト級,lightweight,one_match,frahm_gran,フラーム・グラン,,daina,だいな,,,,,,,,,,,,false,,,,,勝敗・決着未入力。公式YouTube動画タイトルから抽出。,unknown,youtube_bniqjtmfayw,【煽りＶ】フラーム・グランvsだいな ターゲットNo.98 ライト級ワンマッチ,high
video-catalog-54kwdqyjoa8-54kwdqyjoa8,video-catalog-54kwdqyjoa8,video_catalog,1,,,video_catalog_bout,marco_fraser,マルコ・フレイザー,,blue_one,ブルーワン,,,,,,,,,,,,false,,,,,勝敗・決着未入力。公式YouTube動画タイトルから抽出。,unknown,youtube_54kwdqyjoa8,【煽り映像】マルコ・フレイザーvsブルーワン,low
video-catalog-f93bk3gibcq-f93bk3gibcq,video-catalog-f93bk3gibcq,video_catalog,1,,,video_catalog_bout,fighter_b23cf227ff,ダートソン,,fighter_e590e4eb0f,アトゥリうえはら,,,,,,,,,,,,false,,,,,勝敗・決着未入力。公式YouTube動画タイトルから抽出。,unknown,youtube_f93bk3gibcq,【煽り映像】ダートソンvsアトゥリうえはら,low
target-90-2mm9_kcrsfu,target-90,target,1,ミドル級,middleweight,one_match,kintoki,きんとき,,otosawa,おとさわ,,,,,,,,,,,,false,,,,,勝敗・決着未入力。公式YouTube動画タイトルから抽出。,unknown,youtube_2mm9_kcrsfu,【煽りのみ】きんときvsおとさわ　ターゲットNo.90 ミドル級ワンマッチ,high
mh-29-qfiwnhcogvu,mh-29,mh,1,ミドル級,middleweight,title_match,fighter_8d86ebfe6f,ヘル・ラッサー,,tail_junk,テール・ジャンク,,,,,,,,,,,,true,,,,,勝敗・決着未入力。公式YouTube動画タイトルから抽出。,unknown,youtube_qfiwnhcogvu,【煽り】ヘル・ラッサーvsテール・ジャンク マウンテンヒーローズNo.29ミドル級タイトルマッチ,high
target-96-jby8vkzyuys,target-96,target,1,ライト級,lightweight,one_match,daina,だいな,,tsuoshi,つおし,,,,,,,,,,,,false,,,,,勝敗・決着未入力。公式YouTube動画タイトルから抽出。,unknown,youtube_jby8vkzyuys,【煽り】だいなvsつおし ターゲットNo.96 ライト級ワンマッチ,high
target-87-foh5vctjij4,target-87,target,1,ミドル級,middleweight,title_match,otosawa,おとさわ,,kabei,かべい,,,,,,,,,,,,true,,,,,勝敗・決着未入力。公式YouTube動画タイトルから抽出。,unknown,youtube_foh5vctjij4,【煽り】おとさわvsかべい ターゲットNo.87 ターゲットミドル級王座決定戦,high
emperor-118-bvtj1lsfwz4,emperor-118,emperor,1,ミドル級,middleweight,one_match,no_118,エンペラーNo.118 ミドル級ワンマッチ ルージュド・スターリー,,fighter_578e54d009,アマルド・ビュエーラ,,,,,,,,,,,,false,,,,,勝敗・決着未入力。公式YouTube動画タイトルから抽出。,unknown,youtube_bvtj1lsfwz4,【煽りVのみ】エンペラーNo.118 ミドル級ワンマッチ　ルージュド・スターリーvsアマルド・ビュエーラ,high
max-bout-6-lightweight-tournament-ifu9zhhjmzi,max-bout-6-lightweight-tournament,max_bout,19,ライト級,lightweight,tournament_bout,fighter_3b93aaef4c,試合前インタビュー マルコ・フレイザー,,fighter_6579bb563a,ランダーデビル 第６回,,,,,,,,,,,,false,,,,,勝敗・決着未入力。公式YouTube動画タイトルから抽出。,unknown,youtube_ifu9zhhjmzi,試合前インタビュー　マルコ・フレイザー vsランダーデビル　第６回MAXバウトライト級トーナメント２回戦第一試合,high
max-bout-6-lightweight-tournament-a8qhaua4i1g,max-bout-6-lightweight-tournament,max_bout,18,ライト級,lightweight,tournament_bout,fighter_a20697a85d,試合前インタビュー ブルーワン,,fighter_dc0d28e973,アイス・トロン 第６回,,,,,,,,,,,,false,,,,,勝敗・決着未入力。公式YouTube動画タイトルから抽出。,unknown,youtube_a8qhaua4i1g,試合前インタビュー　ブルーワンvsアイス・トロン　第６回MAXバウトライト級トーナメント２回戦第二試合,high
max-bout-6-lightweight-tournament-s99fvrs7evw,max-bout-6-lightweight-tournament,max_bout,17,ライト級,lightweight,tournament_bout,fighter_289c68dda1,試合前インタビュー コルト・アプロー,,fighter_3ce17be3cd,フラーム・グラン 第６回,,,,,,,,,,,,false,,,,,勝敗・決着未入力。公式YouTube動画タイトルから抽出。,unknown,youtube_s99fvrs7evw,試合前インタビュー　コルト・アプローvsフラーム・グラン　第６回MAXバウトライト級トーナメント２回戦第四試合,high
max-bout-6-lightweight-tournament-pcudq7vtm_g,max-bout-6-lightweight-tournament,max_bout,16,ライト級,lightweight,tournament_bout,fighter_c5a0e29e83,試合前インタビュー わく,,fighter_01c8f1b9f0,ゆめろう 第６回,,,,,,,,,,,,false,,,,,勝敗・決着未入力。公式YouTube動画タイトルから抽出。,unknown,youtube_pcudq7vtm_g,試合前インタビュー　わくvsゆめろう　第６回MAXバウトライト級トーナメント２回戦第三試合,high
max-bout-unknown-middleweight-special-bompcnznx34,max-bout-unknown-middleweight-special,max_bout,5,ミドル級,middleweight,special_one_match,misa_will_joe,ミサ・ウィル・ジョー,,rouged_starry,ルージュド・スターリー,,,,,,,,,,,,false,,,,,勝敗・決着未入力。公式YouTube動画タイトルから抽出。,unknown,youtube_bompcnznx34,ミサ・ウィル・ジョーvsルージュド・スターリー【フルファイト！MAXバウトミドル級スペシャルワンマッチ】,medium
max-bout-unknown-middleweight-special-tuog5suk_fo,max-bout-unknown-middleweight-special,max_bout,4,ミドル級,middleweight,special_one_match,tail_junk,テール・ジャンク,,fighter_cc477f9dcf,タイプ・ジー,,,,,,,,,,,,false,,,,,勝敗・決着未入力。公式YouTube動画タイトルから抽出。,unknown,youtube_tuog5suk_fo,テール・ジャンクvs タイプ・ジー【フルファイト！MAXバウトミドル級スペシャルワンマッチ】,medium
max-bout-unknown-middleweight-special-4cbcymly7ma,max-bout-unknown-middleweight-special,max_bout,3,ミドル級,middleweight,special_one_match,fighter_5d7998006d,ダイス・ヴォルケード,,fighter_392d495da8,ライン・デュオ,,,,,,,,,,,,false,,,,,勝敗・決着未入力。公式YouTube動画タイトルから抽出。,unknown,youtube_4cbcymly7ma,ダイス・ヴォルケードvs ライン・デュオ【フルファイト！MAXバウトミドル級スペシャルワンマッチ】,medium
max-bout-unknown-middleweight-special-siibzv70fww,max-bout-unknown-middleweight-special,max_bout,2,ミドル級,middleweight,special_one_match,kabei,かべい,,sakaeda,さかえだ,,,,,,,,,,,,false,,,,,勝敗・決着未入力。公式YouTube動画タイトルから抽出。,unknown,youtube_siibzv70fww,かべいvsさかえだ【フルファイト！MAXバウトミドル級スペシャルワンマッチ】,medium
max-bout-unknown-middleweight-special-opylhps0jq0,max-bout-unknown-middleweight-special,max_bout,1,ミドル級,middleweight,special_one_match,otosawa,おとさわ,,rancher_sugaya,らんちゃーすがや,,,,,,,,,,,,false,,,,,勝敗・決着未入力。公式YouTube動画タイトルから抽出。,unknown,youtube_opylhps0jq0,おとさわvs らんちゃーすがや【フルファイト！MAXバウトミドル級スペシャルワンマッチ】,medium
emperor-110-lp2btuxgjiy,emperor-110,emperor,1,ミドル級,middleweight,one_match,fighter_b23cf227ff,ダートソン,,fighter_32d0d719ec,レイ・ガシーオ,,,,,,,,,,,,false,,,,,勝敗・決着未入力。公式YouTube動画タイトルから抽出。,unknown,youtube_lp2btuxgjiy,【エンペラー公式ルールは概要欄】フルファイト！ダートソンvsレイ・ガシーオ エンペラーNo.110 ミドル級ワンマッチ,high
mh-38-nm0ig9mdpi,mh-38,mh,3,ミドル級,middleweight,title_match,zett,Zett,,rancher_sugaya,らんちゃーすがや,,,,,,,,,,,,true,,,,,勝敗・決着未入力。公式YouTube動画タイトルから抽出。,unknown,youtube_nm0ig9mdpi,【ゼットvsらんちゃーすがや】マウンテン・ヒーローズNo.38ミドル級王座決定戦（クロコップ荒木の実況付きフルファイト！！）,high
target-101-vplbxarc3pc,target-101,target,4,,,video_catalog_bout,gitamin_aaron,ギタミン・アーロン,,otosawa,おとさわ,,,,,,,,,,,,false,,,,,勝敗・決着未入力。公式YouTube動画タイトルから抽出。,unknown,youtube_vplbxarc3pc,【煽り＆クロコップ荒木の実況付き】フルファイト！ギタミン・アーロンvsおとさわ ターゲットNo.101 ミドル級タイトルマッチ,high
mh-40-ggjctmt9cfi,mh-40,mh,4,ミドル級,middleweight,one_match,fighter_cc477f9dcf,タイプ・ジー,,fighter_8d86ebfe6f,ヘル・ラッサー,,,,,,,,,,,,false,,,,,勝敗・決着未入力。公式YouTube動画タイトルから抽出。,unknown,youtube_ggjctmt9cfi,【タイプ・ジーvsヘル・ラッサー】フルファイト！マウンテン・ヒーローズNo.40ミドル級ワンマッチ,high
emperor-120-dxknai8nu0k,emperor-120,emperor,4,ミドル級,middleweight,one_match,fighter_cc477f9dcf,タイプ・ジー,,fighter_b9115f2d71,チャールス・ブランディン,,,,,,,,,,,,false,,,,,勝敗・決着未入力。公式YouTube動画タイトルから抽出。,unknown,youtube_dxknai8nu0k,【タイプ・ジーvsチャールス・ブランディン】煽り付きフルファイト！エンペラーNo.120ミドル級ワンマッチ,high
mh-39-zvs_zboqwzm,mh-39,mh,4,ミドル級,middleweight,video_catalog_bout,fighter_23a078dc11,トルー・パルドレス,,fighter_8d86ebfe6f,ヘル・ラッサー,,,,,,,,,,,,false,,,,,勝敗・決着未入力。公式YouTube動画タイトルから抽出。,unknown,youtube_zvs_zboqwzm,【トルー・パルドレスvsヘル・ラッサー】フルファイト！マウンテン・ヒーローズNo.39ミドル級ワンマッチ,high
emperor-120-wgbrpkw3_u,emperor-120,emperor,3,ライト級,lightweight,one_match,fighter_30b7a4a468,ステシエン・チェット,,fighter_8e8b526dc1,ルーペデビル,,,,,,,,,,,,false,,,,,勝敗・決着未入力。公式YouTube動画タイトルから抽出。,unknown,youtube_wgbrpkw3_u,【ステシエン・チェットvsループデビル】フルファイト！エンペラーNo.120ライト級ワンマッチ,high
target-102-rqenv8yfeci,target-102,target,5,ミドル級,middleweight,video_catalog_bout,fighter_31e0efe5d2,シガー・ユーナイム,,zamon,ザモン,,,,,,,,,,,,false,,,,,勝敗・決着未入力。公式YouTube動画タイトルから抽出。,unknown,youtube_rqenv8yfeci,【シガー・ユーナイムvsザモン】フルファイト！ターゲットNo.102 ミドル級ワンマッチ,high
target-102-48v5jmjeu1e,target-102,target,4,ミドル級,middleweight,video_catalog_bout,fighter_a850bd04f1,サム・ラッシュ,,washikaga,わしかが,,,,,,,,,,,,false,,,,,勝敗・決着未入力。公式YouTube動画タイトルから抽出。,unknown,youtube_48v5jmjeu1e,【サム・ラッシュvsわしかが】フルファイト！ターゲットNo.102 ミドル級ワンマッチ,high
emperor-119-fuaaxecs6he,emperor-119,emperor,4,ミドル級,middleweight,one_match,sakurai,さくらい,,fighter_32d0d719ec,レイ・ガシーオ,,,,,,,,,,,,false,,,,,勝敗・決着未入力。公式YouTube動画タイトルから抽出。,unknown,youtube_fuaaxecs6he,【さくらいvsレイ・ガシーオ】エンペラーNo.119ミドル級ワンマッチ（クロコップ荒木の実況付きフルファイト！！）,high
emperor-119-wae2pl4rfdw,emperor-119,emperor,3,ミドル級,middleweight,video_catalog_bout,sakaeda,さかえだ,,rouged_starry,ルージュド・スターリー,,,,,,,,,,,,false,,,,,勝敗・決着未入力。公式YouTube動画タイトルから抽出。,unknown,youtube_wae2pl4rfdw,【さかえだvsルージュド・スターリー】エンペラーNo.119ミドル級ワンマッチ（クロコップ荒木の実況付きフルファイト！！）,high
emperor-120-gencjoexft8,emperor-120,emperor,2,ミドル級,middleweight,one_match,fighter_3c507e2d6d,エス・ガリオン,,fighter_1eccfcf027,ロン,,,,,,,,,,,,false,,,,,勝敗・決着未入力。公式YouTube動画タイトルから抽出。,unknown,youtube_gencjoexft8,【エス・ガリオンvsロン】フルファイト！エンペラーNo.120ミドル級ワンマッチ,high
mh-40-bujuelt6hfo,mh-40,mh,3,ミドル級,middleweight,one_match,rolling_jr,ローリングジュニア,,fighter_0f7f08df67,トゥワックデビル,,,,,,,,,,,,false,,,,,勝敗・決着未入力。公式YouTube動画タイトルから抽出。,unknown,youtube_bujuelt6hfo,【ローリングジュニアvsトワックデビル】フルファイト！マウンテン・ヒーローズNo.40ミドル級ワンマッチ,high
mh-38-3jbgtu_pkeu,mh-38,mh,2,ミドル級,middleweight,video_catalog_bout,rolling_jr,ローリングジュニア,,python_hayashi,ぱいそんはやし,,,,,,,,,,,,false,,,,,勝敗・決着未入力。公式YouTube動画タイトルから抽出。,unknown,youtube_3jbgtu_pkeu,【ローリングジュニアvsぱいそんはやし】マウンテン・ヒーローズNo.38ミドル級ワンマッチ（クロコップ荒木の実況付きフルファイト！！）,high
mh-38-htdjihj6z_q,mh-38,mh,1,ミドル級,middleweight,video_catalog_bout,fighter_169d4ecfe8,ラドフ,,fighter_5f53eea569,オーシューワイルド,,,,,,,,,,,,false,,,,,勝敗・決着未入力。公式YouTube動画タイトルから抽出。,unknown,youtube_htdjihj6z_q,【ラドフvsオーシューワイルド】マウンテン・ヒーローズNo.38ミドル級ワンマッチ（クロコップ荒木の実況付きフルファイト！！）,high
mh-39-sgrylfsil_w,mh-39,mh,3,ミドル級,middleweight,video_catalog_bout,python_hayashi,ぱいそんはやし,,fighter_41a3b1ba33,ジャニマード・トスパチ,,,,,,,,,,,,false,,,,,勝敗・決着未入力。公式YouTube動画タイトルから抽出。,unknown,youtube_sgrylfsil_w,【ぱいそんはやしvsジャニマード・トスパチ】フルファイト！マウンテン・ヒーローズNo.39ミドル級ワンマッチ,high
target-103-vdb8qzkxcy,target-103,target,9,ミドル級,middleweight,one_match,otosawa,おとさわ,,aurora_devil,オーロラデビル,,,,,,,,,,,,false,,,,,勝敗・決着未入力。公式YouTube動画タイトルから抽出。,unknown,youtube_vdb8qzkxcy,【おとさわvsオーロラデビル】フルファイト！ターゲットNo.103ミドル級ワンマッチ,high
mh-40-an7ejcpbbhs,mh-40,mh,2,ミドル級,middleweight,one_match,fighter_5f53eea569,オーシューワイルド,,python_hayashi,ぱいそんはやし,,,,,,,,,,,,false,,,,,勝敗・決着未入力。公式YouTube動画タイトルから抽出。,unknown,youtube_an7ejcpbbhs,【オーシューワイルドvsぱいそんはやし】フルファイト！マウンテン・ヒーローズNo.40ミドル級ワンマッチ,high
emperor-120-ifz9rupnazm,emperor-120,emperor,1,ミドル級,middleweight,one_match,misa_will_joe,ミサ・ウィル・ジョー,,fighter_808e183fda,ブレード・アロー,,,,,,,,,,,,false,,,,,勝敗・決着未入力。公式YouTube動画タイトルから抽出。,unknown,youtube_ifz9rupnazm,【ミサ・ウィル・ジョーvsブレード・アロー】煽り付きフルファイト！エンペラーNo.120ミドル級ワンマッチ,high
target-102-ephgtzg6nfs,target-102,target,3,ミドル級,middleweight,video_catalog_bout,fighter_e9d2feca82,ミハエル・ボタルニカ,,aurora_devil,オーロラデビル,,,,,,,,,,,,false,,,,,勝敗・決着未入力。公式YouTube動画タイトルから抽出。,unknown,youtube_ephgtzg6nfs,【ミハエル・ボタルニカvsオーロラデビル】フルファイト！ターゲットNo.102 ミドル級ワンマッチ,high
mh-40-aez1_3vh9dm,mh-40,mh,1,ミドル級,middleweight,one_match,fighter_392d495da8,ライン・デュオ,,fighter_41a3b1ba33,ジャニマード・トスパチ,,,,,,,,,,,,false,,,,,勝敗・決着未入力。公式YouTube動画タイトルから抽出。,unknown,youtube_aez1_3vh9dm,【ライン・デュオvsジャニマード・トスパチ】フルファイト！マウンテン・ヒーローズNo.40ミドル級ワンマッチ,high
target-102-2ulafpwgt9q,target-102,target,2,ライト級,lightweight,one_match,kitamura,きたむら,,tsukurihara,つくりはら,,,,,,,,,,,,false,,,,,勝敗・決着未入力。公式YouTube動画タイトルから抽出。,unknown,youtube_2ulafpwgt9q,【きたむらvsつくりはら】（煽り映像付き）フルファイト！ターゲットNo.102 ライト級ワンマッチ,high
target-103-a2gy9ardmwu,target-103,target,8,ミドル級,middleweight,one_match,kintoki,きんとき,,zamon,ザモン,,,,,,,,,,,,false,,,,,勝敗・決着未入力。公式YouTube動画タイトルから抽出。,unknown,youtube_a2gy9ardmwu,【きんときvsザモン】フルファイト！ターゲットNo.103ミドル級ワンマッチ,high
target-102-kb_ww6hufqg,target-102,target,1,ミドル級,middleweight,video_catalog_bout,kazeno,かぜの,,kodama,こだま,,,,,,,,,,,,false,,,,,勝敗・決着未入力。公式YouTube動画タイトルから抽出。,unknown,youtube_kb_ww6hufqg,【かぜのvsこだま】フルファイト！ターゲットNo.102 ミドル級ワンマッチ,high
target-103-1meeptyfns,target-103,target,7,ミドル級,middleweight,one_match,kabei,かべい,,frank_dakuta,フランク・ダクタ,,,,,,,,,,,,false,,,,,勝敗・決着未入力。公式YouTube動画タイトルから抽出。,unknown,youtube_1meeptyfns,【かべいvsフランク・ダクタ】フルファイト！ターゲットNo.103ミドル級ワンマッチ,high
emperor-119-5dmafndwhxg,emperor-119,emperor,2,ミドル級,middleweight,video_catalog_bout,fighter_b23cf227ff,ダートソン,,fighter_468bc73db5,ガネルソン・シャル・ワー,,,,,,,,,,,,false,,,,,勝敗・決着未入力。公式YouTube動画タイトルから抽出。,unknown,youtube_5dmafndwhxg,【ダートソンvsガネルソン・シャル・ワー】エンペラーNo.119ミドル級ワンマッチ（クロコップ荒木の実況付きフルファイト！！）,high
target-101-np5jzwchxi0,target-101,target,3,ミドル級,middleweight,video_catalog_bout,zamon,ザモン,,aurora_devil,オーロラデビル,,,,,,,,,,,,false,,,,,勝敗・決着未入力。公式YouTube動画タイトルから抽出。,unknown,youtube_np5jzwchxi0,【クロコップ荒木の実況付き】フルファイト！ザモンvsオーロラデビル　ターゲットNo.101 ミドル級ワンマッチ,high
target-101-0nt8ufrwimc,target-101,target,2,ライト級,lightweight,video_catalog_bout,kabuto,かぶと,,fighter_020b361a38,イベルト・キューミ,,,,,,,,,,,,false,,,,,勝敗・決着未入力。公式YouTube動画タイトルから抽出。,unknown,youtube_0nt8ufrwimc,【クロコップ荒木の実況付き】フルファイト！かぶとvsイベルト・キューミ　ターゲットNo.101 ライト級ワンマッチ,high
target-101-ttl61cvhxrw,target-101,target,1,ミドル級,middleweight,video_catalog_bout,kabei,かべい,,fighter_7e5c52a901,ラミロ・コーテ,,,,,,,,,,,,false,,,,,勝敗・決着未入力。公式YouTube動画タイトルから抽出。,unknown,youtube_ttl61cvhxrw,【クロコップ荒木の実況付き】フルファイト！かべいvsラミーロ・コート ターゲットNo.101 ミドル級ワンマッチ,high
mh-39-zetalrxjn68,mh-39,mh,1,ミドル級,middleweight,video_catalog_bout,fighter_d9983ebeb3,クロノ・マリーケン,,fighter_392d495da8,ライン・デュオ,,,,,,,,,,,,false,,,,,勝敗・決着未入力。公式YouTube動画タイトルから抽出。,unknown,youtube_zetalrxjn68,【クロノ・マリーケンvsライン・デュオ】フルファイト！マウンテン・ヒーローズNo.39ミドル級ワンマッチ,high
emperor-119-lieo6s_renc,emperor-119,emperor,1,ミドル級,middleweight,one_match,fighter_e590e4eb0f,アトゥリうえはら,,fighter_3c507e2d6d,エス・ガリオン,,,,,,,,,,,,false,,,,,勝敗・決着未入力。公式YouTube動画タイトルから抽出。,unknown,youtube_lieo6s_renc,【アトゥリうえはらvsエス・ガリオン】エンペラーNo.119ミドル級ワンマッチ（クロコップ荒木の実況付きフルファイト！！）,high
target-103-0vt0j0l9jja,target-103,target,6,ミドル級,middleweight,one_match,aribel_aribera,アリベル・アリベラ,,washikaga,わしかが,,,,,,,,,,,,false,,,,,勝敗・決着未入力。公式YouTube動画タイトルから抽出。,unknown,youtube_0vt0j0l9jja,【アリベル・アリベラvsわしかが】フルファイト！ターゲットNo.103ミドル級ワンマッチ,high
max-bout-7-lightweight-gp-l0y4gy4llq0,max-bout-7-lightweight-gp,max_bout,11,ライト級,lightweight,tournament_bout,blue_one,ブルーワン,,fighter_25fddbaacc,ダブド・ガブリシャン,,,,,,,,,,,,false,,,,,勝敗・決着未入力。公式YouTube動画タイトルから抽出。,unknown,youtube_l0y4gy4llq0,フルファイト！第７回MAXバウトライト級GP準決勝Ｂブロック ブルーワンvsダブド・ガブリシャン,high
max-bout-7-lightweight-gp-h3la4h4lfck,max-bout-7-lightweight-gp,max_bout,10,ライト級,lightweight,tournament_bout,max_gp,第７回 MAXバウトライト級GPＡブロック ランダーデビル,,fighter_82d519db98,イスカン・アステ,,,,,,,,,,,,false,,,,,勝敗・決着未入力。公式YouTube動画タイトルから抽出。,unknown,youtube_h3la4h4lfck,フルファイト！第７回 MAXバウトライト級GPＡブロック ランダーデビルvsイスカン・アステ,high
max-bout-6-lightweight-tournament-surk9nnwoxi,max-bout-6-lightweight-tournament,max_bout,15,ライト級,lightweight,tournament_bout,colt_apro,コルト・アプロー,,frahm_gran,フラーム・グラン,,,,,,,,,,,,false,,,,,勝敗・決着未入力。公式YouTube動画タイトルから抽出。,unknown,youtube_surk9nnwoxi,フルファイト！第６回 MAXバウトライト級トーナメント２回戦 第四試合　コルト・アプローvsフラーム・グラン,high
max-bout-6-lightweight-tournament-pvujuvxd4a4,max-bout-6-lightweight-tournament,max_bout,14,ライト級,lightweight,tournament_bout,blue_one,ブルーワン,,ice_tron,アイス・トロン,,,,,,,,,,,,false,,,,,勝敗・決着未入力。公式YouTube動画タイトルから抽出。,unknown,youtube_pvujuvxd4a4,フルファイト！第６回 MAXバウトライト級トーナメント２回戦 第二試合　ブルーワンvsアイス・トロン,high
max-bout-6-lightweight-tournament-jdzqmwx4vg4,max-bout-6-lightweight-tournament,max_bout,13,ライト級,lightweight,tournament_bout,waku,わく,,fighter_4d6356d021,ゆめろう,,,,,,,,,,,,false,,,,,勝敗・決着未入力。公式YouTube動画タイトルから抽出。,unknown,youtube_jdzqmwx4vg4,フルファイト！第６回 MAXバウトライト級トーナメント２回戦 第三試合　わくvsゆめろう,high
max-bout-6-lightweight-tournament-oynlvwudspu,max-bout-6-lightweight-tournament,max_bout,12,ライト級,lightweight,tournament_bout,marco_fraser,マルコ・フレイザー,,lander_devil,ランダーデビル,,,,,,,,,,,,false,,,,,勝敗・決着未入力。公式YouTube動画タイトルから抽出。,unknown,youtube_oynlvwudspu,フルファイト！第６回 MAXバウトライト級トーナメント２回戦 第一試合　マルコ・フレイザーvsランダーデビル,high
max-bout-6-lightweight-tournament-z5lialvefc,max-bout-6-lightweight-tournament,max_bout,11,ライト級,lightweight,tournament_bout,fighter_062d57b5e3,第一試合 ランダーデビル,,blue_one,ブルーワン,,,,,,,,,,,,false,,,,,勝敗・決着未入力。公式YouTube動画タイトルから抽出。,unknown,youtube_z5lialvefc,フルファイト！第６回 MAXバウトライト級トーナメント準決勝第一試合　ランダーデビルvsブルーワン（表記ミス→ランダーデビル34勝じゃなく24勝）,high
max-bout-6-lightweight-tournament-xxhhyfb8kq,max-bout-6-lightweight-tournament,max_bout,10,ライト級,lightweight,tournament_bout,fighter_e9dbb51256,第ニ試合 わく,,colt_apro,コルト・アプロー,,,,,,,,,,,,false,,,,,勝敗・決着未入力。公式YouTube動画タイトルから抽出。,unknown,youtube_xxhhyfb8kq,フルファイト！第６回 MAXバウトライト級トーナメント準決勝第ニ試合　わくvsコルト・アプロー,high
max-bout-6-lightweight-tournament-41mou0pvo8w,max-bout-6-lightweight-tournament,max_bout,9,ライト級,lightweight,tournament_bout,blue_one,ブルーワン,,colt_apro,コルト・アプロー,,,,,,,,,,,,false,,,,,勝敗・決着未入力。公式YouTube動画タイトルから抽出。,unknown,youtube_41mou0pvo8w,フルファイト！第６回 MAXバウトライト級トーナメント決勝　ブルーワンvsコルト・アプロー,high
max-bout-6-lightweight-tournament-9hosl10mklo,max-bout-6-lightweight-tournament,max_bout,8,ライト級,lightweight,tournament_bout,lander_devil,ランダーデビル,,rolling_jr,ローリングジュニア,,,,,,,,,,,,false,,,,,勝敗・決着未入力。公式YouTube動画タイトルから抽出。,unknown,youtube_9hosl10mklo,フルファイト！第６回 MAXバウトライト級トーナメント一回戦Ｂブロック　ランダーデビルvsローリングジュニア,high
max-bout-6-lightweight-tournament-b3mm_ebk_my,max-bout-6-lightweight-tournament,max_bout,7,ライト級,lightweight,tournament_bout,blue_one,ブルーワン,,kitamura,きたむら,,,,,,,,,,,,false,,,,,勝敗・決着未入力。公式YouTube動画タイトルから抽出。,unknown,youtube_b3mm_ebk_my,フルファイト！第６回 MAXバウトライト級トーナメント一回戦Ｂブロック　ブルーワンvsきたむら,high
max-bout-6-lightweight-tournament-eis5offdwks,max-bout-6-lightweight-tournament,max_bout,6,ライト級,lightweight,tournament_bout,frahm_gran,フラーム・グラン,,fighter_cdb8d47163,ワインセル,,,,,,,,,,,,false,,,,,勝敗・決着未入力。公式YouTube動画タイトルから抽出。,unknown,youtube_eis5offdwks,フルファイト！第６回 MAXバウトライト級トーナメント一回戦Ｂブロック　フラーム・グランvsワインセル,high
max-bout-6-lightweight-tournament-zp7rkliamr4,max-bout-6-lightweight-tournament,max_bout,5,ライト級,lightweight,tournament_bout,fighter_c6b52ed0b2,バン・ベルソーザ,,fighter_4d6356d021,ゆめろう,,,,,,,,,,,,false,,,,,勝敗・決着未入力。公式YouTube動画タイトルから抽出。,unknown,youtube_zp7rkliamr4,フルファイト！第６回 MAXバウトライト級トーナメント一回戦Ｂブロック　バン・ベルソーザvsゆめろう,high
max-bout-6-lightweight-tournament-3k_jsttv5wi,max-bout-6-lightweight-tournament,max_bout,4,ライト級,lightweight,tournament_bout,fighter_764b98c3bb,パットバミューダ,,ice_tron,アイス・トロン,,,,,,,,,,,,false,,,,,勝敗・決着未入力。公式YouTube動画タイトルから抽出。,unknown,youtube_3k_jsttv5wi,フルファイト！第６回 MAXバウトライト級トーナメント一回戦Ａブロック　パットバミューダvsアイス・トロン,high
max-bout-6-lightweight-tournament-gerbahnq_po,max-bout-6-lightweight-tournament,max_bout,3,ライト級,lightweight,tournament_bout,fighter_eddb8db316,ジョン・バレー,,waku,わく,,,,,,,,,,,,false,,,,,勝敗・決着未入力。公式YouTube動画タイトルから抽出。,unknown,youtube_gerbahnq_po,フルファイト！第６回 MAXバウトライト級トーナメント一回戦Ａブロック　ジョン・バレーvsわく,high
max-bout-6-lightweight-tournament-mzffdb97ygw,max-bout-6-lightweight-tournament,max_bout,2,ライト級,lightweight,tournament_bout,colt_apro,コルト・アプロー,,fighter_c333ddf234,センサー・ファッジ,,,,,,,,,,,,false,,,,,勝敗・決着未入力。公式YouTube動画タイトルから抽出。,unknown,youtube_mzffdb97ygw,フルファイト！第６回 MAXバウトライト級トーナメント一回戦Ａブロック　コルト・アプローvsセンサー・ファッジ,high
max-bout-6-lightweight-tournament-lrsezu2mkwi,max-bout-6-lightweight-tournament,max_bout,1,ライト級,lightweight,tournament_bout,sangoku,さんごく,,marco_fraser,マルコ・フレイザー,,,,,,,,,,,,false,,,,,勝敗・決着未入力。公式YouTube動画タイトルから抽出。,unknown,youtube_lrsezu2mkwi,フルファイト！第６回 MAXバウトライト級トーナメント一回戦Ａブロック　さんごくvsマルコ・フレイザー,high
max-bout-5-middleweight-tournament-sxu4xadywj4,max-bout-5-middleweight-tournament,max_bout,15,ミドル級,middleweight,tournament_bout,tail_junk,テール・ジャンク,,fighter_e15b590179,ゼット,,,,,,,,,,,,false,,,,,勝敗・決着未入力。公式YouTube動画タイトルから抽出。,unknown,youtube_sxu4xadywj4,フルファイト！第５回 MAXバウトミドル級トーナメント準決勝Ｂブロック　テール・ジャンクvsゼット,high
max-bout-5-middleweight-tournament-pzlpry9qwaw,max-bout-5-middleweight-tournament,max_bout,14,ミドル級,middleweight,tournament_bout,sakaeda,さかえだ,,misa_will_joe,ミサ・ウィル・ジョー,,,,,,,,,,,,false,,,,,勝敗・決着未入力。公式YouTube動画タイトルから抽出。,unknown,youtube_pzlpry9qwaw,フルファイト！第５回 MAXバウトミドル級トーナメント準決勝Ａブロック　さかえだvsミサ・ウィル・ジョー,high
max-bout-5-middleweight-tournament-dhbctg1olfu,max-bout-5-middleweight-tournament,max_bout,13,ミドル級,middleweight,tournament_bout,misa_will_joe,ミサ・ウィル・ジョー,,tail_junk,テール・ジャンク,,,,,,,,,,,,false,,,,,勝敗・決着未入力。公式YouTube動画タイトルから抽出。,unknown,youtube_dhbctg1olfu,フルファイト！第５回 MAXバウトミドル級トーナメント決勝　ミサ・ウィル・ジョーvsテール・ジャンク,high
max-bout-5-middleweight-tournament-veyyj1akdtc,max-bout-5-middleweight-tournament,max_bout,12,ミドル級,middleweight,tournament_bout,tail_junk,テール・ジャンク,,rouged_starry,ルージュド・スターリー,,,,,,,,,,,,false,,,,,勝敗・決着未入力。公式YouTube動画タイトルから抽出。,unknown,youtube_veyyj1akdtc,フルファイト！第５回 MAXバウトミドル級トーナメント二回戦Ａブロック　テール・ジャンクvsルージュド・スターリー,high
max-bout-5-middleweight-tournament-szekaoaieb8,max-bout-5-middleweight-tournament,max_bout,11,ミドル級,middleweight,tournament_bout,fighter_5d7998006d,ダイス・ヴォルケード,,misa_will_joe,ミサ・ウィル・ジョー,,,,,,,,,,,,false,,,,,勝敗・決着未入力。公式YouTube動画タイトルから抽出。,unknown,youtube_szekaoaieb8,フルファイト！第５回 MAXバウトミドル級トーナメント二回戦Ａブロック　ダイス・ヴォルケードvsミサ・ウィル・ジョー,high
max-bout-5-middleweight-tournament-zmcyei8g3mi,max-bout-5-middleweight-tournament,max_bout,10,ミドル級,middleweight,tournament_bout,sakaeda,さかえだ,,fighter_d9983ebeb3,クロノ・マリーケン,,,,,,,,,,,,false,,,,,勝敗・決着未入力。公式YouTube動画タイトルから抽出。,unknown,youtube_zmcyei8g3mi,フルファイト！第５回 MAXバウトミドル級トーナメント二回戦Ａブロック　さかえだvsクロノ・マリーケン,high
max-bout-5-middleweight-tournament-vvxae1wlsxm,max-bout-5-middleweight-tournament,max_bout,9,ミドル級,middleweight,tournament_bout,kabei,かべい,,fighter_e15b590179,ゼット,,,,,,,,,,,,false,,,,,勝敗・決着未入力。公式YouTube動画タイトルから抽出。,unknown,youtube_vvxae1wlsxm,フルファイト！第５回 MAXバウトミドル級トーナメント二回戦Ａブロック　かべいvsゼット,high
max-bout-5-middleweight-tournament-w882wsm09lc,max-bout-5-middleweight-tournament,max_bout,8,ミドル級,middleweight,tournament_bout,fighter_23a078dc11,トルー・パルドレス,,fighter_5d7998006d,ダイス・ヴォルケード,,,,,,,,,,,,false,,,,,勝敗・決着未入力。公式YouTube動画タイトルから抽出。,unknown,youtube_w882wsm09lc,フルファイト！第５回 MAXバウトミドル級トーナメント一回戦Ｂブロック　トルー・パルドレスvsダイス・ヴォルケード,high
max-bout-5-middleweight-tournament-udtntbd9neu,max-bout-5-middleweight-tournament,max_bout,7,ミドル級,middleweight,tournament_bout,tail_junk,テール・ジャンク,,rancher_sugaya,らんちゃーすがや,,,,,,,,,,,,false,,,,,勝敗・決着未入力。公式YouTube動画タイトルから抽出。,unknown,youtube_udtntbd9neu,フルファイト！第５回 MAXバウトミドル級トーナメント一回戦Ｂブロック　テール・ジャンクvsらんちゃーすがや,high
max-bout-5-middleweight-tournament-4a_ucjfzwra,max-bout-5-middleweight-tournament,max_bout,6,ミドル級,middleweight,tournament_bout,fighter_d9983ebeb3,クロノ・マリーケン,,gitamin_aaron,ギタミン・アーロン,,,,,,,,,,,,false,,,,,勝敗・決着未入力。公式YouTube動画タイトルから抽出。,unknown,youtube_4a_ucjfzwra,フルファイト！第５回 MAXバウトミドル級トーナメント一回戦Ｂブロック　クロノ・マリーケンvsギタミン・アーロン,high
max-bout-5-middleweight-tournament-7rixgvx9na,max-bout-5-middleweight-tournament,max_bout,5,ミドル級,middleweight,tournament_bout,sakaeda,さかえだ,,fighter_e9d2feca82,ミハエル・ボタルニカ,,,,,,,,,,,,false,,,,,勝敗・決着未入力。公式YouTube動画タイトルから抽出。,unknown,youtube_7rixgvx9na,フルファイト！第５回 MAXバウトミドル級トーナメント一回戦Ｂブロック　さかえだvsミハエル・ボタルニカ,high
max-bout-5-middleweight-tournament-mnp9fbyafra,max-bout-5-middleweight-tournament,max_bout,4,ミドル級,middleweight,tournament_bout,rouged_starry,ルージュド・スターリー,,fighter_31e0efe5d2,シガー・ユーナイム,,,,,,,,,,,,false,,,,,勝敗・決着未入力。公式YouTube動画タイトルから抽出。,unknown,youtube_mnp9fbyafra,フルファイト！第５回 MAXバウトミドル級トーナメント一回戦Ａブロック　ルージュド・スターリーvsシガー・ユーナイム,high
max-bout-5-middleweight-tournament-voqcotsamwi,max-bout-5-middleweight-tournament,max_bout,3,ミドル級,middleweight,tournament_bout,misa_will_joe,ミサ・ウィル・ジョー,,fighter_8d86ebfe6f,ヘル・ラッサー,,,,,,,,,,,,false,,,,,勝敗・決着未入力。公式YouTube動画タイトルから抽出。,unknown,youtube_voqcotsamwi,フルファイト！第５回 MAXバウトミドル級トーナメント一回戦Ａブロック　ミサ・ウィル・ジョーvsヘル・ラッサー,high
max-bout-5-middleweight-tournament-fynnomuod1i,max-bout-5-middleweight-tournament,max_bout,2,ミドル級,middleweight,tournament_bout,fighter_b9115f2d71,チャールス・ブランディン,,kabei,かべい,,,,,,,,,,,,false,,,,,勝敗・決着未入力。公式YouTube動画タイトルから抽出。,unknown,youtube_fynnomuod1i,フルファイト！第５回 MAXバウトミドル級トーナメント一回戦Ａブロック　チャールス・ブランディンvsかべい,high
max-bout-5-middleweight-tournament-lj_cbs1xmiq,max-bout-5-middleweight-tournament,max_bout,1,ミドル級,middleweight,tournament_bout,otosawa,おとさわ,,fighter_e15b590179,ゼット,,,,,,,,,,,,false,,,,,勝敗・決着未入力。公式YouTube動画タイトルから抽出。,unknown,youtube_lj_cbs1xmiq,フルファイト！第５回 MAXバウトミドル級トーナメント一回戦Ａブロック　おとさわvsゼット,high
max-bout-7-lightweight-tournament-irt8ikcjj4i,max-bout-7-lightweight-tournament,max_bout,12,ライト級,lightweight,tournament_bout,fighter_25fddbaacc,ダブド・ガブリシャン,,rolling_jr,ローリングジュニア,,,,,,,,,,,,false,,,,,勝敗・決着未入力。公式YouTube動画タイトルから抽出。,unknown,youtube_irt8ikcjj4i,フルファイト！第7回 MAXバウトライト級トーナメント二回戦Bブロック ダブド・ガブリシャンvsローリングジュニア,high
max-bout-7-lightweight-tournament-ysyzts9p7uo,max-bout-7-lightweight-tournament,max_bout,11,ライト級,lightweight,tournament_bout,colt_apro,コルト・アプロー,,blue_one,ブルーワン,,,,,,,,,,,,false,,,,,勝敗・決着未入力。公式YouTube動画タイトルから抽出。,unknown,youtube_ysyzts9p7uo,フルファイト！第7回 MAXバウトライト級トーナメント二回戦Bブロック コルト・アプローvsブルーワン,high
max-bout-7-lightweight-tournament-mzsxwh_pvtq,max-bout-7-lightweight-tournament,max_bout,10,ライト級,lightweight,tournament_bout,fighter_82d519db98,イスカン・アステ,,marco_fraser,マルコ・フレイザー,,,,,,,,,,,,false,,,,,勝敗・決着未入力。公式YouTube動画タイトルから抽出。,unknown,youtube_mzsxwh_pvtq,フルファイト！第7回 MAXバウトライト級トーナメント二回戦Aブロック イスカン・アステvsマルコ・フレイザー,high
max-bout-7-lightweight-tournament-x1t1w3rqpb0,max-bout-7-lightweight-tournament,max_bout,9,ライト級,lightweight,tournament_bout,tsukurihara,つくりはら,,lander_devil,ランダーデビル,,,,,,,,,,,,false,,,,,勝敗・決着未入力。公式YouTube動画タイトルから抽出。,unknown,youtube_x1t1w3rqpb0,フルファイト！第7回 MAXバウトライト級トーナメント二回戦Aブロック つくりはらvsランダーデビル,high
max-bout-7-lightweight-tournament-6cc4iyh_ejy,max-bout-7-lightweight-tournament,max_bout,8,ライト級,lightweight,tournament_bout,marco_fraser,マルコ・フレイザー,,fighter_cdb8d47163,ワインセル,,,,,,,,,,,,false,,,,,勝敗・決着未入力。公式YouTube動画タイトルから抽出。,unknown,youtube_6cc4iyh_ejy,フルファイト！第7回 MAXバウトライト級トーナメント一回戦Bブロック マルコ・フレイザーvsワインセル,high
max-bout-7-lightweight-tournament-u8b1_0fnkx8,max-bout-7-lightweight-tournament,max_bout,6,ライト級,lightweight,tournament_bout,waku,わく,,rolling_jr,ローリングジュニア,,,,,,,,,,,,false,,,,,勝敗・決着未入力。公式YouTube動画タイトルから抽出。,unknown,youtube_u8b1_0fnkx8,フルファイト！第7回 MAXバウトライト級トーナメント一回戦Bブロック わくvsローリングジュニア,high
max-bout-7-lightweight-tournament-us8ne3rhqsq,max-bout-7-lightweight-tournament,max_bout,5,ライト級,lightweight,tournament_bout,sangoku,さんごく,,fighter_25fddbaacc,ダブド・ガブリシャン,,,,,,,,,,,,false,,,,,勝敗・決着未入力。公式YouTube動画タイトルから抽出。,unknown,youtube_us8ne3rhqsq,フルファイト！第7回 MAXバウトライト級トーナメント一回戦Bブロック さんごくvsダブド・ガブリシャン,high
max-bout-7-lightweight-tournament-gj_hwkw33s,max-bout-7-lightweight-tournament,max_bout,7,ライト級,lightweight,tournament_bout,fighter_82d519db98,イスカン・アステ,,kitamura,きたむら,,,,,,,,,,,,false,,,,,勝敗・決着未入力。公式YouTube動画タイトルから抽出。,unknown,youtube_gj_hwkw33s,フルファイト！第7回 MAXバウトライト級トーナメント一回戦Bブロック イスカン・アステvsきたむら,high
max-bout-7-lightweight-tournament-4bnoht7mgww,max-bout-7-lightweight-tournament,max_bout,4,ライト級,lightweight,tournament_bout,lander_devil,ランダーデビル,,fighter_a5b1c7ad26,キマイラ,,,,,,,,,,,,false,,,,,勝敗・決着未入力。公式YouTube動画タイトルから抽出。,unknown,youtube_4bnoht7mgww,フルファイト！第7回 MAXバウトライト級トーナメント一回戦Aブロック ランダーデビルvsキマイラ,high
max-bout-7-lightweight-tournament-dkhrnaaksho,max-bout-7-lightweight-tournament,max_bout,3,ライト級,lightweight,tournament_bout,colt_apro,コルト・アプロー,,daina,だいな,,,,,,,,,,,,false,,,,,勝敗・決着未入力。公式YouTube動画タイトルから抽出。,unknown,youtube_dkhrnaaksho,フルファイト！第7回 MAXバウトライト級トーナメント一回戦Aブロック コルト・アプローvsだいな,high
max-bout-7-lightweight-tournament-hmig9qnqcp8,max-bout-7-lightweight-tournament,max_bout,2,ライト級,lightweight,tournament_bout,tsukurihara,つくりはら,,fighter_30b7a4a468,ステシエン・チェット,,,,,,,,,,,,false,,,,,勝敗・決着未入力。公式YouTube動画タイトルから抽出。,unknown,youtube_hmig9qnqcp8,フルファイト！第7回 MAXバウトライト級トーナメント一回戦Aブロック つくりはらvsステシエン・チェット,high
max-bout-7-lightweight-tournament-23ui9dcnmle,max-bout-7-lightweight-tournament,max_bout,1,ライト級,lightweight,tournament_bout,kuwashio,くわしお,,blue_one,ブルーワン,,,,,,,,,,,,false,,,,,勝敗・決着未入力。公式YouTube動画タイトルから抽出。,unknown,youtube_23ui9dcnmle,フルファイト！第7回 MAXバウトライト級トーナメント一回戦Aブロック くわしおvsブルーワン,high
max-bout-7-lightweight-gp-lk45sjahdk0,max-bout-7-lightweight-gp,max_bout,9,ライト級,lightweight,tournament_bout,lander_devil,ランダーデビル,,blue_one,ブルーワン,,,,,,,,,,,,false,,,,,勝敗・決着未入力。公式YouTube動画タイトルから抽出。,unknown,youtube_lk45sjahdk0,フルファイト！第7回 MAXバウトライト級GP決勝　ランダーデビルvsブルーワン,high
emperor-110-eqlubfqon_q,emperor-110,emperor,5,ミドル級,middleweight,one_match,fighter_d698e2e0fb,ヴァン・ブルックス,,fighter_5d7998006d,ダイス・ヴォルケード,,,,,,,,,,,,false,,,,,勝敗・決着未入力。公式YouTube動画タイトルから抽出。,unknown,youtube_eqlubfqon_q,フルファイト！ヴァン・ブルックスvsダイス・ヴォルケード エンペラーNo.110 ミドル級ワンマッチ,high
emperor-114-ckhfjmv2gfe,emperor-114,emperor,5,ミドル級,middleweight,one_match,fighter_d698e2e0fb,ヴァン・ブルックス,,fighter_e590e4eb0f,アトゥリうえはら,,,,,,,,,,,,false,,,,,勝敗・決着未入力。公式YouTube動画タイトルから抽出。,unknown,youtube_ckhfjmv2gfe,フルファイト！ヴァン・ブルックスvsアトゥリうえはら エンペラーNo.114 ミドル級ワンマッチ,high
target-88-jfai2e7nwcw,target-88,target,3,ライト級,lightweight,one_match,fighter_cdb8d47163,ワインセル,,harris_orbick,ハリス・オルビック,,,,,,,,,,,,false,,,,,勝敗・決着未入力。公式YouTube動画タイトルから抽出。,unknown,youtube_jfai2e7nwcw,フルファイト！ワインセルvsハリス・オルビック ターゲットNo.88 ライト級ワンマッチ,high
target-95-m3upkoczyo4,target-95,target,5,ライト級,lightweight,one_match,fighter_cdb8d47163,ワインセル,,no_95,センサー・ファッジ No.95,,,,,,,,,,,,false,,,,,勝敗・決着未入力。公式YouTube動画タイトルから抽出。,unknown,youtube_m3upkoczyo4,フルファイト！ワインセルvsセンサー・ファッジ　No.95 ライト級ワンマッチ,medium
target-93-14fzpah41t0,target-93,target,6,ライト級,lightweight,one_match,fighter_cdb8d47163,ワインセル,,fighter_020b361a38,イベルト・キューミ,,,,,,,,,,,,false,,,,,勝敗・決着未入力。公式YouTube動画タイトルから抽出。,unknown,youtube_14fzpah41t0,フルファイト！ワインセルvsイベルト・キューミ ターゲットNo.93 ライト級ワンマッチ,high
target-100-cnizik34mxe,target-100,target,8,ライト級,lightweight,one_match,fighter_cdb8d47163,ワインセル,,daina,だいな,,,,,,,,,,,,false,,,,,勝敗・決着未入力。公式YouTube動画タイトルから抽出。,unknown,youtube_cnizik34mxe,フルファイト！ワインセルvsだいな ターゲットNo.100 ライト級ワンマッチ,high
target-98-13ob38c7t_8,target-98,target,4,ライト級,lightweight,one_match,fighter_cdb8d47163,ワインセル,,kyonai,きょうない,,,,,,,,,,,,false,,,,,勝敗・決着未入力。公式YouTube動画タイトルから抽出。,unknown,youtube_13ob38c7t_8,フルファイト！ワインセルvsきょうない ターゲットNo.98 ライト級ワンマッチ,high
mh-28-ohxh8yuitfy,mh-28,mh,3,ライト級,lightweight,one_match,rolling_jr,ローリングジュニア,,kuwashio,くわしお,,,,,,,,,,,,false,,,,,勝敗・決着未入力。公式YouTube動画タイトルから抽出。,unknown,youtube_ohxh8yuitfy,フルファイト！ローリングジュニアvsくわしお マウンテン・ヒーローズNo.28 ライト級ワンマッチ,high
mh-33-e0it_vkslzc,mh-33,mh,3,ライト級,lightweight,one_match,rolling_jr,ローリングジュニア,,fighter_25fddbaacc,ダブド・ガブリシャン,,,,,,,,,,,,false,,,,,勝敗・決着未入力。公式YouTube動画タイトルから抽出。,unknown,youtube_e0it_vkslzc,フルファイト！ローリングジュニアvsダブド・ガブリシャン マウンテン・ヒーローズNo.33 ライト級ワンマッチ,high
emperor-111-kb7j3t8t8zs,emperor-111,emperor,2,ミドル級,middleweight,one_match,fighter_2fdaa958ad,ロコール・アラニン,,fighter_b9115f2d71,チャールス・ブランディン,,,,,,,,,,,,false,,,,,勝敗・決着未入力。公式YouTube動画タイトルから抽出。,unknown,youtube_kb7j3t8t8zs,フルファイト！ロコール・アラニンvsチャールス・ブランディン エンペラーNo.111 ミドル級ワンマッチ,high
target-92-sttxjk1ugrg,target-92,target,5,ライト級,lightweight,one_match,fighter_0de6ecf382,レーサー・ガルシア,,daina,だいな,,,,,,,,,,,,false,,,,,勝敗・決着未入力。公式YouTube動画タイトルから抽出。,unknown,youtube_sttxjk1ugrg,フルファイト！レーサー・ガルシアvsだいな　ターゲットNo.92 ライト級ワンマッチ,high
emperor-117-qf4ikb9ib_c,emperor-117,emperor,3,ミドル級,middleweight,one_match,fighter_32d0d719ec,レイ・ガシーオ,,rouged_starry,ルージュド・スターリー,,,,,,,,,,,,false,,,,,勝敗・決着未入力。公式YouTube動画タイトルから抽出。,unknown,youtube_qf4ikb9ib_c,フルファイト！レイ・ガシーオvsルージュド・スターリー エンペラーNo.117 ミドル級ワンマッチ,high
emperor-118-isftownyj1u,emperor-118,emperor,5,ミドル級,middleweight,one_match,rouged_starry,ルージュド・スターリー,,fighter_578e54d009,アマルド・ビュエーラ,,,,,,,,,,,,false,,,,,勝敗・決着未入力。公式YouTube動画タイトルから抽出。,unknown,youtube_isftownyj1u,フルファイト！ルージュド・スターリーvsアマルド・ビュエーラ エンペラーNo.118 ミドル級ワンマッチ,high
mh-30-4d8cgcsgpki,mh-30,mh,5,ライト級,lightweight,title_match,lander_devil,ランダーデビル,,sangoku,さんごく,,,,,,,,,,,,true,,,,,勝敗・決着未入力。公式YouTube動画タイトルから抽出。,unknown,youtube_4d8cgcsgpki,フルファイト！ランダーデビルvsさんごく マウンテン・ヒーローズNo.30 ライト級タイトルマッチ,high
mh-27-dpfnqvami3s,mh-27,mh,5,ミドル級,middleweight,one_match,fighter_392d495da8,ライン・デュオ,,tail_junk,テール・ジャンク,,,,,,,,,,,,false,,,,,勝敗・決着未入力。公式YouTube動画タイトルから抽出。,unknown,youtube_dpfnqvami3s,フルファイト！ライン・デュオvsテール・ジャンク マウンテン・ヒーローズNo.27 ミドル級ワンマッチ,high
mh-27-ixbizmwgzn4,mh-27,mh,4,ライト級,lightweight,one_match,fighter_4315a5de6a,ヨルセン・バクダリア,,sangoku,さんごく,,,,,,,,,,,,false,,,,,勝敗・決着未入力。公式YouTube動画タイトルから抽出。,unknown,youtube_ixbizmwgzn4,フルファイト！ヨルセン・バクダリアvsさんごく マウンテン・ヒーローズNo.27 ライト級ワンマッチ,high
mh-30-gyn9fbpcwsq,mh-30,mh,4,ライト級,lightweight,one_match,fighter_ceabf5fde9,ムラト・クツワ,,fighter_25fddbaacc,ダブド・ガブリシャン,,,,,,,,,,,,false,,,,,勝敗・決着未入力。公式YouTube動画タイトルから抽出。,unknown,youtube_gyn9fbpcwsq,フルファイト！ムラト・クツワvsダブド・ガブリシャン マウンテン・ヒーローズNo.30 ライト級ワンマッチ,high
mh-29-drke4kjgmuu,mh-29,mh,7,ライト級,lightweight,one_match,fighter_ceabf5fde9,ムラト・クツワ,,fighter_eddb8db316,ジョン・バレー,,,,,,,,,,,,false,,,,,勝敗・決着未入力。公式YouTube動画タイトルから抽出。,unknown,youtube_drke4kjgmuu,フルファイト！ムラト・クツワvsジョン・バレー マウンテン・ヒーローズNo.29 ライト級ワンマッチ,high
mh-35-wtgb_0m60sk,mh-35,mh,3,ライト級,lightweight,one_match,fighter_ceabf5fde9,ムラト・クツワ,,kawakami,かわかみ,,,,,,,,,,,,false,,,,,勝敗・決着未入力。公式YouTube動画タイトルから抽出。,unknown,youtube_wtgb_0m60sk,フルファイト！ムラト・クツワvsかわかみ マウンテン・ヒーローズNo.35 ライト級ワンマッチ,high
target-87-aczznfws9eg,target-87,target,10,ミドル級,middleweight,one_match,fighter_e9d2feca82,ミハエル・ボタルニカ,,fighter_d85580c276,ビル・ジャガー,,,,,,,,,,,,false,,,,,勝敗・決着未入力。公式YouTube動画タイトルから抽出。,unknown,youtube_aczznfws9eg,フルファイト！ミハエル・ボタルニカvsビル・ジャガー ターゲットNo.87 ミドル級ワンマッチ,high
emperor-115-qwxsvgtscqe,emperor-115,emperor,5,ライト級,lightweight,title_match,marco_fraser,マルコ・フレイザー,,blue_one,ブルーワン,,,,,,,,,,,,true,,,,,勝敗・決着未入力。公式YouTube動画タイトルから抽出。,unknown,youtube_qwxsvgtscqe,フルファイト！マルコ・フレイザーvsブルーワン エンペラーNo.115 ライト級タイトルマッチ,high
emperor-116-v3usbpsmp_g,emperor-116,emperor,3,ライト級,lightweight,one_match,marco_fraser,マルコ・フレイザー,,fighter_615bb339dc,ブライン・ジャスター,,,,,,,,,,,,false,,,,,勝敗・決着未入力。公式YouTube動画タイトルから抽出。,unknown,youtube_v3usbpsmp_g,フルファイト！マルコ・フレイザーvsブライン・ジャスター エンペラーNo.116 ライト級ワンマッチ,high
emperor-117-vpw0enyucay,emperor-117,emperor,2,ライト級,lightweight,one_match,marco_fraser,マルコ・フレイザー,,fighter_ce9074c06f,パット・バミューダ,,,,,,,,,,,,false,,,,,勝敗・決着未入力。公式YouTube動画タイトルから抽出。,unknown,youtube_vpw0enyucay,フルファイト！マルコ・フレイザーvsパット・バミューダ エンペラーNo.117 ライト級ワンマッチ,high
emperor-118-kgszncicwxi,emperor-118,emperor,4,ライト級,lightweight,one_match,marco_fraser,マルコ・フレイザー,,fighter_30b7a4a468,ステシエン・チェット,,,,,,,,,,,,false,,,,,勝敗・決着未入力。公式YouTube動画タイトルから抽出。,unknown,youtube_kgszncicwxi,フルファイト！マルコ・フレイザーvsステシエン・チェット エンペラーNo.118 ライト級ワンマッチ,high
emperor-109-xi7nktkis9a,emperor-109,emperor,4,ライト級,lightweight,one_match,fighter_b73b14350a,ポン・レイゼ,,fighter_4d6356d021,ゆめろう,,,,,,,,,,,,false,,,,,勝敗・決着未入力。公式YouTube動画タイトルから抽出。,unknown,youtube_xi7nktkis9a,フルファイト！ポン・レイゼvsゆめろう エンペラーNo.109 ライト級ワンマッチ,high
mh-29-7su1lyzlexi,mh-29,mh,6,ミドル級,middleweight,title_match,fighter_8d86ebfe6f,ヘル・ラッサー,,tail_junk,テール・ジャンク,,,,,,,,,,,,true,,,,,勝敗・決着未入力。公式YouTube動画タイトルから抽出。,unknown,youtube_7su1lyzlexi,フルファイト！ヘル・ラッサーvsテール・ジャンク マウンテンヒーローズNo.29特別試合 ミドル級タイトルマッチ,high
emperor-110-yrhdgy_73de,emperor-110,emperor,4,ミドル級,middleweight,one_match,fighter_808e183fda,ブレード・アロー,,fighter_101d6a4f3f,パリド・アーディン,,,,,,,,,,,,false,,,,,勝敗・決着未入力。公式YouTube動画タイトルから抽出。,unknown,youtube_yrhdgy_73de,フルファイト！ブレード・アローvsパリド・アーディン エンペラーNo.110 ミドル級ワンマッチ,high
emperor-111-xyil3ugc6bq,emperor-111,emperor,1,ミドル級,middleweight,one_match,fighter_808e183fda,ブレード・アロー,,fighter_5d7998006d,ダイス・ヴォルケード,,,,,,,,,,,,false,,,,,勝敗・決着未入力。公式YouTube動画タイトルから抽出。,unknown,youtube_xyil3ugc6bq,フルファイト！ブレード・アローvsダイス・ヴォルケード エンペラーNo.111 ミドル級ワンマッチ,high
target-100-ldhxdwyhrdi,target-100,target,7,ライト級,lightweight,one_match,frahm_gran,フラーム・グラン,,fighter_0de6ecf382,レーサー・ガルシア,,,,,,,,,,,,false,,,,,勝敗・決着未入力。公式YouTube動画タイトルから抽出。,unknown,youtube_ldhxdwyhrdi,フルファイト！フラーム・グランvsレーサー・ガルシア ターゲットNo.100 ライト級ワンマッチ,high
target-93-fmozl8mbbds,target-93,target,5,ライト級,lightweight,one_match,frahm_gran,フラーム・グラン,,fighter_8c8e6330f0,スマット・ターウィ,,,,,,,,,,,,false,,,,,勝敗・決着未入力。公式YouTube動画タイトルから抽出。,unknown,youtube_fmozl8mbbds,フルファイト！フラーム・グランvsスマット・ターウィ ターゲットNo.93 ライト級ワンマッチ,high
target-98-pj937dfydti,target-98,target,3,ライト級,lightweight,one_match,frahm_gran,フラーム・グラン,,daina,だいな,,,,,,,,,,,,false,,,,,勝敗・決着未入力。公式YouTube動画タイトルから抽出。,unknown,youtube_pj937dfydti,フルファイト！フラーム・グランvsだいな ターゲットNo.98 ライト級ワンマッチ,high
target-96-jwumd4nyaew,target-96,target,3,ライト級,lightweight,one_match,frahm_gran,フラーム・グラン,,kitamura,きたむら,,,,,,,,,,,,false,,,,,勝敗・決着未入力。公式YouTube動画タイトルから抽出。,unknown,youtube_jwumd4nyaew,フルファイト！フラーム・グランvsきたむら ターゲットNo.96 ライト級ワンマッチ,high
target-87-dmjc2rydolm,target-87,target,9,ミドル級,middleweight,title_match,fighter_977f2fdd1d,ファン・ミール・セイバー,,rouged_starry,ルージュド・スターリー,,,,,,,,,,,,true,,,,,勝敗・決着未入力。公式YouTube動画タイトルから抽出。,unknown,youtube_dmjc2rydolm,フルファイト！ファン・ミール・セイバーvsルージュド・スターリー　ターゲットNo.87 ミドル級タイトルマッチ,high
emperor-113-1ap2i0us_bu,emperor-113,emperor,5,ライト級,lightweight,one_match,fighter_ce9074c06f,パット・バミューダ,,napalm,ナパーム,,,,,,,,,,,,false,,,,,勝敗・決着未入力。公式YouTube動画タイトルから抽出。,unknown,youtube_1ap2i0us_bu,フルファイト！パット・バミューダvsナパーム エンペラーNo.113 ライト級ワンマッチ,high
target-87-iawju8_v9bm,target-87,target,8,ミドル級,middleweight,one_match,fighter_0d592ec5c6,パス・フィーリー,,kintoki,きんとき,,,,,,,,,,,,false,,,,,勝敗・決着未入力。公式YouTube動画タイトルから抽出。,unknown,youtube_iawju8_v9bm,フルファイト！パス・フィーリーvsきんとき ターゲットNo.87 ミドル級ワンマッチ,high
mh-30-3knn6p1e6uu,mh-30,mh,3,ライト級,lightweight,one_match,fighter_6cc24375aa,バンドルフ・ガルブンタ,,rolling_jr,ローリングジュニア,,,,,,,,,,,,false,,,,,勝敗・決着未入力。公式YouTube動画タイトルから抽出。,unknown,youtube_3knn6p1e6uu,フルファイト！バンドルフ・ガルブンタvsローリングジュニア マウンテン・ヒーローズNo.30 ライト級ワンマッチ,high
target-88-ik8_4qwygxs,target-88,target,2,ライト級,lightweight,one_match,fighter_c6720136f7,バイソンデビル,,fighter_c333ddf234,センサー・ファッジ,,,,,,,,,,,,false,,,,,勝敗・決着未入力。公式YouTube動画タイトルから抽出。,unknown,youtube_ik8_4qwygxs,フルファイト！バイソンデビルvsセンサー・ファッジ ターゲットNo.88 ライト級ワンマッチ,high
target-87-h5bbdqgpdb0,target-87,target,7,ライト級,lightweight,one_match,fighter_c6720136f7,バイソンデビル,,fighter_7bfff5d96b,いたみ,,,,,,,,,,,,false,,,,,勝敗・決着未入力。公式YouTube動画タイトルから抽出。,unknown,youtube_h5bbdqgpdb0,フルファイト！バイソンデビルvsいたみ　ターゲットNo.87 ライト級ワンマッチ,high
target-97-gvczwhozpiw,target-97,target,5,ライト級,lightweight,one_match,harris_orbick,ハリス・オルビック,,tsukurihara,つくりはら,,,,,,,,,,,,false,,,,,勝敗・決着未入力。公式YouTube動画タイトルから抽出。,unknown,youtube_gvczwhozpiw,フルファイト！ハリス・オルビックvsつくりはら ターゲットNo.97 ライト級ワンマッチ,high
emperor-109-zylg8y6wvq8,emperor-109,emperor,3,ライト級,lightweight,one_match,napalm,ナパーム,,ice_tron,アイス・トロン,,,,,,,,,,,,false,,,,,勝敗・決着未入力。公式YouTube動画タイトルから抽出。,unknown,youtube_zylg8y6wvq8,フルファイト！ナパームvsアイス・トロン エンペラーNo.109 ライト級ワンマッチ,high
mh-27-o3fmy6uqse0,mh-27,mh,3,ミドル級,middleweight,one_match,fighter_23a078dc11,トルー・パルドレス,,fighter_d9983ebeb3,クロノ・マリーケン,,,,,,,,,,,,false,,,,,勝敗・決着未入力。公式YouTube動画タイトルから抽出。,unknown,youtube_o3fmy6uqse0,フルファイト！トルー・パルドレスvsクロノ・マリーケン マウンテン・ヒーローズNo.27 ミドル級ワンマッチ,high
mh-36-ymvonl5nd58,mh-36,mh,4,ミドル級,middleweight,one_match,fighter_23a078dc11,トルー・パルドレス,,fighter_5f53eea569,オーシューワイルド,,,,,,,,,,,,false,,,,,勝敗・決着未入力。公式YouTube動画タイトルから抽出。,unknown,youtube_ymvonl5nd58,フルファイト！トルー・パルドレスvsオーシューワイルド マウンテン・ヒーローズNo.36 ミドル級ワンマッチ,high
mh-30-bjwu94npmh8,mh-30,mh,2,ミドル級,middleweight,one_match,fighter_23a078dc11,トルー・パルドレス,,rancher_sugaya,らんちゃーすがや,,,,,,,,,,,,false,,,,,勝敗・決着未入力。公式YouTube動画タイトルから抽出。,unknown,youtube_bjwu94npmh8,フルファイト！トルー・パルドレスvsらんちゃーすがや マウンテン・ヒーローズNo.30 ミドル級ワンマッチ,high
mh-34-jw_sbyayf0g,mh-34,mh,4,ヘビー級,heavyweight,one_match,tail_junk,テール・ジャンク,,fighter_13ff7e99ab,クーラー・ジョイントン,,,,,,,,,,,,false,,,,,勝敗・決着未入力。公式YouTube動画タイトルから抽出。,unknown,youtube_jw_sbyayf0g,フルファイト！テール・ジャンクvsクーラー・ジョイントン マウンテン・ヒーローズNo.34 ヘビー級ワンマッチ,high
emperor-114-agecfmrimag,emperor-114,emperor,4,ミドル級,middleweight,one_match,fighter_b9115f2d71,チャールス・ブランディン,,sakaeda,さかえだ,,,,,,,,,,,,false,,,,,勝敗・決着未入力。公式YouTube動画タイトルから抽出。,unknown,youtube_agecfmrimag,フルファイト！チャールス・ブランディンvsさかえだ エンペラーNo.114 ミドル級ワンマッチ,high
emperor-113-p6jlkp0q7yg,emperor-113,emperor,4,ミドル級,middleweight,one_match,fighter_b23cf227ff,ダートソン,,fighter_1306a749d5,レイ・ガシーオ２,,,,,,,,,,,,false,,,,,勝敗・決着未入力。公式YouTube動画タイトルから抽出。,unknown,youtube_p6jlkp0q7yg,フルファイト！ダートソンvsレイ・ガシーオ２エンペラーNo.113 ミドル級ワンマッチ,high
emperor-115-5zxi7yo4qzm,emperor-115,emperor,4,ミドル級,middleweight,one_match,fighter_b23cf227ff,ダートソン,,fighter_e590e4eb0f,アトゥリうえはら,,,,,,,,,,,,false,,,,,勝敗・決着未入力。公式YouTube動画タイトルから抽出。,unknown,youtube_5zxi7yo4qzm,フルファイト！ダートソンvsアトゥリうえはら エンペラーNo.115 ミドル級ワンマッチ,high
emperor-109-xdyu346kpua,emperor-109,emperor,2,ミドル級,middleweight,one_match,fighter_b23cf227ff,ダートソン,,sakaeda,さかえだ,,,,,,,,,,,,false,,,,,勝敗・決着未入力。公式YouTube動画タイトルから抽出。,unknown,youtube_xdyu346kpua,フルファイト！ダートソンvsさかえだ エンペラーNo.109 ミドル級ワンマッチ,high
mh-29-mjn3naapvig,mh-29,mh,5,ライト級,lightweight,one_match,fighter_25fddbaacc,ダブド・ガブリシャン,,fighter_4315a5de6a,ヨルセン・バクダリア,,,,,,,,,,,,false,,,,,勝敗・決着未入力。公式YouTube動画タイトルから抽出。,unknown,youtube_mjn3naapvig,フルファイト！ダブド・ガブリシャンvsヨルセン・バクダリア マウンテン・ヒーローズNo.29 ライト級ワンマッチ,high
mh-31-g84wctvafzq,mh-31,mh,5,ライト級,lightweight,one_match,fighter_25fddbaacc,ダブド・ガブリシャン,,fighter_82d519db98,イスカン・アステ,,,,,,,,,,,,false,,,,,勝敗・決着未入力。公式YouTube動画タイトルから抽出。,unknown,youtube_g84wctvafzq,フルファイト！ダブド・ガブリシャンvsイスカン・アステ マウンテン・ヒーローズNo.31 ライト級ワンマッチ,high
emperor-109-ghpf2shuuo0,emperor-109,emperor,1,ミドル級,middleweight,one_match,fighter_5d7998006d,ダイス・ヴォルケード,,fighter_32d0d719ec,レイ・ガシーオ,,,,,,,,,,,,false,,,,,勝敗・決着未入力。公式YouTube動画タイトルから抽出。,unknown,youtube_ghpf2shuuo0,フルファイト！ダイス・ヴォルケードvsレイ・ガシーオ エンペラーNo.109 ミドル級ワンマッチ,high
emperor-118-u6_s5feulqm,emperor-118,emperor,3,ミドル級,middleweight,one_match,fighter_5d7998006d,ダイス・ヴォルケード,,fighter_083d80ec79,バルバード・ブワーズ,,,,,,,,,,,,false,,,,,勝敗・決着未入力。公式YouTube動画タイトルから抽出。,unknown,youtube_u6_s5feulqm,フルファイト！ダイス・ヴォルケードvsバルバード・ブワーズ エンペラーNo.118 ミドル級ワンマッチ,high
emperor-114-s8_61fzru0,emperor-114,emperor,3,ミドル級,middleweight,one_match,fighter_5d7998006d,ダイス・ヴォルケード,,fighter_b23cf227ff,ダートソン,,,,,,,,,,,,false,,,,,勝敗・決着未入力。公式YouTube動画タイトルから抽出。,unknown,youtube_s8_61fzru0,フルファイト！ダイス・ヴォルケードvsダートソン エンペラーNo.114 ミドル級ワンマッチ,high
mh-34-rofy8v_0baq,mh-34,mh,3,ミドル級,middleweight,one_match,fighter_e15b590179,ゼット,,fighter_392d495da8,ライン・デュオ,,,,,,,,,,,,false,,,,,勝敗・決着未入力。公式YouTube動画タイトルから抽出。,unknown,youtube_rofy8v_0baq,フルファイト！ゼットvsライン・デュオ マウンテン・ヒーローズNo.34 ミドル級ワンマッチ,high
mh-36-fknoghflync,mh-36,mh,3,ミドル級,middleweight,one_match,fighter_e15b590179,ゼット,,fighter_8d86ebfe6f,ヘル・ラッサー,,,,,,,,,,,,false,,,,,勝敗・決着未入力。公式YouTube動画タイトルから抽出。,unknown,youtube_fknoghflync,フルファイト！ゼットvsヘル・ラッサー マウンテン・ヒーローズNo.36 ミドル級ワンマッチ,high
mh-31-ufvwllt2pru,mh-31,mh,4,ミドル級,middleweight,one_match,fighter_e15b590179,ゼット,,fighter_d9983ebeb3,クロノ・マリーケン,,,,,,,,,,,,false,,,,,勝敗・決着未入力。公式YouTube動画タイトルから抽出。,unknown,youtube_ufvwllt2pru,フルファイト！ゼットvsクロノ・マリーケン マウンテン・ヒーローズNo.31 ミドル級ワンマッチ,high
mh-27-cgmlpwetfzy,mh-27,mh,2,ミドル級,middleweight,one_match,fighter_e15b590179,ゼット,,gitamin_aaron,ギタミン・アーロン,,,,,,,,,,,,false,,,,,勝敗・決着未入力。公式YouTube動画タイトルから抽出。,unknown,youtube_cgmlpwetfzy,フルファイト！ゼットvsギタミン・アーロン マウンテン・ヒーローズNo.27 ミドル級ワンマッチ,high
target-92-jh3r2cq39gc,target-92,target,4,ライト級,lightweight,one_match,fighter_c333ddf234,センサー・ファッジ,,harris_orbick,ハリス・オルビック,,,,,,,,,,,,false,,,,,勝敗・決着未入力。公式YouTube動画タイトルから抽出。,unknown,youtube_jh3r2cq39gc,フルファイト！センサー・ファッジvsハリス・オルビック　ターゲットNo.92 ライト級ワンマッチ,high
target-87-wdwtmtyvh_y,target-87,target,6,ライト級,lightweight,one_match,fighter_c333ddf234,センサー・ファッジ,,fighter_020b361a38,イベルト・キューミ,,,,,,,,,,,,false,,,,,勝敗・決着未入力。公式YouTube動画タイトルから抽出。,unknown,youtube_wdwtmtyvh_y,フルファイト！センサー・ファッジvsイベルト・キューミ　ターゲットNo.87 ライト級ワンマッチ,high
emperor-116-r_scebsyoxg,emperor-116,emperor,2,ライト級,lightweight,one_match,fighter_30b7a4a468,ステシエン・チェット,,fighter_4282deeb57,ワンシー・オーフェル,,,,,,,,,,,,false,,,,,勝敗・決着未入力。公式YouTube動画タイトルから抽出。,unknown,youtube_r_scebsyoxg,フルファイト！ステシエン・チェットvsワンシー・オーフェル エンペラーNo.116 ライト級ワンマッチ,high
emperor-113-5nkfum9czqg,emperor-113,emperor,3,ライト級,lightweight,one_match,fighter_30b7a4a468,ステシエン・チェット,,fighter_4d6356d021,ゆめろう,,,,,,,,,,,,false,,,,,勝敗・決着未入力。公式YouTube動画タイトルから抽出。,unknown,youtube_5nkfum9czqg,フルファイト！ステシエン・チェットvsゆめろう エンペラーNo.113 ライト級ワンマッチ,high
mh-31-atvp_2lwnno,mh-31,mh,3,ライト級,lightweight,one_match,fighter_eddb8db316,ジョン・バレー,,rolling_jr,ローリングジュニア,,,,,,,,,,,,false,,,,,勝敗・決着未入力。公式YouTube動画タイトルから抽出。,unknown,youtube_atvp_2lwnno,フルファイト！ジョン・バレーvsローリングジュニア マウンテン・ヒーローズNo.31 ライト級ワンマッチ,high
emperor-110-1tjfo_ln_zy,emperor-110,emperor,3,ミドル級,middleweight,one_match,fighter_4b95bfe573,シャパール・アミア,,fighter_2fdaa958ad,ロコール・アラニン,,,,,,,,,,,,false,,,,,勝敗・決着未入力。公式YouTube動画タイトルから抽出。,unknown,youtube_1tjfo_ln_zy,フルファイト！シャパール・アミアvsロコール・アラニン エンペラーNo.110 ミドル級ワンマッチ,high
target-90-gmfpy9x6hec,target-90,target,3,ミドル級,middleweight,one_match,fighter_31e0efe5d2,シガー・ユーナイム,,fighter_977f2fdd1d,ファン・ミール・セイバー,,,,,,,,,,,,false,,,,,勝敗・決着未入力。公式YouTube動画タイトルから抽出。,unknown,youtube_gmfpy9x6hec,フルファイト！シガー・ユーナイムvsファン・ミール・セイバー ターゲットNo.90 ミドル級ワンマッチ,high
target-92-c9dw76himya,target-92,target,3,ミドル級,middleweight,one_match,fighter_31e0efe5d2,シガー・ユーナイム,,fighter_02f4705d18,ビルジャガー,,,,,,,,,,,,false,,,,,勝敗・決着未入力。公式YouTube動画タイトルから抽出。,unknown,youtube_c9dw76himya,フルファイト！シガー・ユーナイムvsビルジャガー　ターゲットNo.92 ミドル級ワンマッチジャガーvsシガー,high
target-89-wuxl5lwpr_s,target-89,target,3,ミドル級,middleweight,one_match,fighter_31e0efe5d2,シガー・ユーナイム,,otosawa,おとさわ,,,,,,,,,,,,false,,,,,勝敗・決着未入力。公式YouTube動画タイトルから抽出。,unknown,youtube_wuxl5lwpr_s,フルファイト！シガー・ユーナイムvsおとさわ　ターゲットNo.89 ミドル級ワンマッチ,high
mh-36-tau8z1fn26s,mh-36,mh,2,ミドル級,middleweight,one_match,fighter_24e2dfb4f3,シェーン・ロブソン,,fighter_169d4ecfe8,ラドフ,,,,,,,,,,,,false,,,,,勝敗・決着未入力。公式YouTube動画タイトルから抽出。,unknown,youtube_tau8z1fn26s,フルファイト！シェーン・ロブソンvsラドフ マウンテン・ヒーローズNo.36 ミドル級ワンマッチ,high
target-100-ewcidvvtuxu,target-100,target,6,ミドル級,middleweight,one_match,fighter_a850bd04f1,サム・ラッシュ,,zamon,ザモン,,,,,,,,,,,,false,,,,,勝敗・決着未入力。公式YouTube動画タイトルから抽出。,unknown,youtube_ewcidvvtuxu,フルファイト！サム・ラッシュvsザモン ターゲットNo.100 ミドル級ワンマッチ,high
emperor-112-xogycqouw_e,emperor-112,emperor,1,ライト級,lightweight,title_match,colt_apro,コルト・アプロー,,marco_fraser,マルコ・フレイザー,,,,,,,,,,,,true,,,,,勝敗・決着未入力。公式YouTube動画タイトルから抽出。,unknown,youtube_xogycqouw_e,フルファイト！コルト・アプローvsマルコ・フレイザー エンペラーNo.112 ライト級タイトルマッチ,high
emperor-113-kk2aas86c94,emperor-113,emperor,2,ライト級,lightweight,one_match,colt_apro,コルト・アプロー,,blue_one,ブルーワン,,,,,,,,,,,,false,,,,,勝敗・決着未入力。公式YouTube動画タイトルから抽出。,unknown,youtube_kk2aas86c94,フルファイト！コルト・アプローvsブルーワン エンペラーNo.113 ライト級ワンマッチ,high
emperor-115-f1d9nd7knz4,emperor-115,emperor,3,ライト級,lightweight,one_match,colt_apro,コルト・アプロー,,fighter_ce9074c06f,パット・バミューダ,,,,,,,,,,,,false,,,,,勝敗・決着未入力。公式YouTube動画タイトルから抽出。,unknown,youtube_f1d9nd7knz4,フルファイト！コルト・アプローvsパット・バミューダ エンペラーNo.115 ライト級ワンマッチ,high
emperor-117-yfqxrut1c7m,emperor-117,emperor,1,ライト級,lightweight,one_match,colt_apro,コルト・アプロー,,fighter_4d6356d021,ゆめろう,,,,,,,,,,,,false,,,,,勝敗・決着未入力。公式YouTube動画タイトルから抽出。,unknown,youtube_yfqxrut1c7m,フルファイト！コルト・アプローvsゆめろう エンペラーNo.117 ライト級ワンマッチ,high
mh-33-ibmvbvxf1h8,mh-33,mh,2,ミドル級,middleweight,one_match,fighter_d9983ebeb3,クロノ・マリーケン,,rancher_sugaya,らんちゃーすがや,,,,,,,,,,,,false,,,,,勝敗・決着未入力。公式YouTube動画タイトルから抽出。,unknown,youtube_ibmvbvxf1h8,フルファイト！クロノ・マリーケンvsらんちゃーすがや マウンテン・ヒーローズNo.33 ミドル級ワンマッチ,high
mh-35-itua47cphqs,mh-35,mh,2,ミドル級,middleweight,one_match,fighter_d9983ebeb3,クロノ・マリーケン,,fighter_abca156858,おおわださーべる,,,,,,,,,,,,false,,,,,勝敗・決着未入力。公式YouTube動画タイトルから抽出。,unknown,youtube_itua47cphqs,フルファイト！クロノ・マリーケンvsおおわださーべる マウンテン・ヒーローズNo.35 ミドル級ワンマッチ,high
emperor-114-g4yds9beona,emperor-114,emperor,2,ライト級,lightweight,one_match,fighter_0f529b069a,クレイエル・アビソカ,,fighter_30b7a4a468,ステシエン・チェット,,,,,,,,,,,,false,,,,,勝敗・決着未入力。公式YouTube動画タイトルから抽出。,unknown,youtube_g4yds9beona,フルファイト！クレイエル・アビソカvsステシエン・チェット エンペラーNo.114 ライト級ワンマッチ,high
emperor-113-f_lgazqr_k,emperor-113,emperor,1,ライト級,lightweight,one_match,fighter_0f529b069a,クレイエル・アビソカ,,sakurai,さくらい,,,,,,,,,,,,false,,,,,勝敗・決着未入力。公式YouTube動画タイトルから抽出。,unknown,youtube_f_lgazqr_k,フルファイト！クレイエル・アビソカvsさくらい　エンペラーNo.113 ライト級ワンマッチ,high
mh-33-v8kurvjahza,mh-33,mh,1,ライト級,lightweight,one_match,fighter_a5b1c7ad26,キマイラ,,fighter_ceabf5fde9,ムラト・クツワ,,,,,,,,,,,,false,,,,,勝敗・決着未入力。公式YouTube動画タイトルから抽出。,unknown,youtube_v8kurvjahza,フルファイト！キマイラvsムラト・クツワ マウンテン・ヒーローズNo.33 ライト級ワンマッチ,high
mh-32-3o11cg8ggo,mh-32,mh,5,ライト級,lightweight,one_match,fighter_a5b1c7ad26,キマイラ,,fighter_6cc24375aa,バンドルフ・ガルブンタ,,,,,,,,,,,,false,,,,,勝敗・決着未入力。公式YouTube動画タイトルから抽出。,unknown,youtube_3o11cg8ggo,フルファイト！キマイラvsバンドルフ・ガルブンタ　 マウンテン・ヒーローズNo.32 ライト級ワンマッチ,high
mh-34-8coks1pwkrk,mh-34,mh,2,ライト級,lightweight,one_match,fighter_a5b1c7ad26,キマイラ,,fighter_25fddbaacc,ダブド・ガブリシャン,,,,,,,,,,,,false,,,,,勝敗・決着未入力。公式YouTube動画タイトルから抽出。,unknown,youtube_8coks1pwkrk,フルファイト！キマイラvsダブド・ガブリシャン マウンテン・ヒーローズNo.34 ライト級ワンマッチ,high
mh-30-dvqutefmjs,mh-30,mh,1,ライト級,lightweight,one_match,fighter_a5b1c7ad26,キマイラ,,fighter_82d519db98,イスカン・アステ,,,,,,,,,,,,false,,,,,勝敗・決着未入力。公式YouTube動画タイトルから抽出。,unknown,youtube_dvqutefmjs,フルファイト！キマイラvsイスカン・アステ マウンテン・ヒーローズNo.30 ライト級ワンマッチ,high
mh-27-o5bpc2m2id8,mh-27,mh,1,ミドル級,middleweight,one_match,fighter_452ac4db9c,オーシューデーモン,,rancher_sugaya,らんちゃーすがや,,,,,,,,,,,,false,,,,,勝敗・決着未入力。公式YouTube動画タイトルから抽出。,unknown,youtube_o5bpc2m2id8,フルファイト！オーシューデーモンvsらんちゃーすがや マウンテン・ヒーローズNo.27 ミドル級ワンマッチ,high
target-95-dscftjpgwme,target-95,target,4,ライト級,lightweight,one_match,fighter_ca8f747620,エメラルド・バンキー,,rokkou,ろっこう,,,,,,,,,,,,false,,,,,勝敗・決着未入力。公式YouTube動画タイトルから抽出。,unknown,youtube_dscftjpgwme,フルファイト！エメラルド・バンキーvsろっこう ターゲットNo.95 ライト級ワンマッチ,high
target-99-pkhb34uskzs,target-99,target,3,ライト級,lightweight,one_match,fighter_ca8f747620,エメラルド・バンキー,,tsuoshi,つおし,,,,,,,,,,,,false,,,,,勝敗・決着未入力。公式YouTube動画タイトルから抽出。,unknown,youtube_pkhb34uskzs,フルファイト！エメラルド・バンキーvsつおし ターゲットNo.99 ライト級ワンマッチ,high
target-97-ijoc_e8tcys,target-97,target,4,ライト級,lightweight,one_match,fighter_020b361a38,イベルト・キューミ,,frahm_gran,フラーム・グラン,,,,,,,,,,,,false,,,,,勝敗・決着未入力。公式YouTube動画タイトルから抽出。,unknown,youtube_ijoc_e8tcys,フルファイト！イベルト・キューミvsフラーム・グラン ターゲットNo.97 ライト級ワンマッチ,high
mh-32-xt6yezyi6ps,mh-32,mh,4,ライト級,lightweight,one_match,fighter_82d519db98,イスカン・アステ,,fighter_4315a5de6a,ヨルセン・バクダリア,,,,,,,,,,,,false,,,,,勝敗・決着未入力。公式YouTube動画タイトルから抽出。,unknown,youtube_xt6yezyi6ps,フルファイト！イスカン・アステvsヨルセン・バクダリア マウンテン・ヒーローズNo.32 ライト級ワンマッチ,high
mh-29-duxbnuo7fzm,mh-29,mh,4,ライト級,lightweight,one_match,fighter_82d519db98,イスカン・アステ,,fighter_7c5cf999ac,ビクトル・ナッカー,,,,,,,,,,,,false,,,,,勝敗・決着未入力。公式YouTube動画タイトルから抽出。,unknown,youtube_duxbnuo7fzm,フルファイト！イスカン・アステvsビクトル・ナッカー マウンテン・ヒーローズNo.29 ライト級ワンマッチ,high
mh-34-o4qbvrk6qle,mh-34,mh,1,ライト級,lightweight,one_match,fighter_82d519db98,イスカン・アステ,,fighter_eddb8db316,ジョン・バレー,,,,,,,,,,,,false,,,,,勝敗・決着未入力。公式YouTube動画タイトルから抽出。,unknown,youtube_o4qbvrk6qle,フルファイト！イスカン・アステvsジョン・バレー マウンテン・ヒーローズNo.34 ライト級ワンマッチ,high
target-89-fwvxk4micnm,target-89,target,2,ミドル級,middleweight,one_match,aribel_aribera,アリベル・アリベラ,,kabei,かべい,,,,,,,,,,,,false,,,,,勝敗・決着未入力。公式YouTube動画タイトルから抽出。,unknown,youtube_fwvxk4micnm,フルファイト！アリベル・アリベラvsかべい　ターゲットNo.89 ミドル級ワンマッチ,high
target-92-granro4uj_4,target-92,target,2,ミドル級,middleweight,one_match,aribel_aribera,アリベル・アリベラ,,otosawa,おとさわ,,,,,,,,,,,,false,,,,,勝敗・決着未入力。公式YouTube動画タイトルから抽出。,unknown,youtube_granro4uj_4,フルファイト！アリベル・アリベラvsおとさわ　ターゲットNo.92 ミドル級ワンマッチ（煽り有り）,high
target-87-usushxozov0,target-87,target,5,ミドル級,middleweight,one_match,aribel_aribera,アリベル・アリベラ,,otosawa,おとさわ,,,,,,,,,,,,false,,,,,勝敗・決着未入力。公式YouTube動画タイトルから抽出。,unknown,youtube_usushxozov0,フルファイト！アリベル・アリベラvsおとさわ　ターゲットNo.87 ミドル級ワンマッチ,high
emperor-110-dfo_4pwonie,emperor-110,emperor,2,ミドル級,middleweight,one_match,fighter_e590e4eb0f,アトゥリうえはら,,sakaeda,さかえだ,,,,,,,,,,,,false,,,,,勝敗・決着未入力。公式YouTube動画タイトルから抽出。,unknown,youtube_dfo_4pwonie,フルファイト！アトゥリうえはらvsさかえだ エンペラーNo.110 ミドル級ワンマッチ,high
mh-32-voviksvmlrk,mh-32,mh,3,ライト級,lightweight,one_match,ice_tron,アイス・トロン,,lander_devil,ランダーデビル,,,,,,,,,,,,false,,,,,勝敗・決着未入力。公式YouTube動画タイトルから抽出。,unknown,youtube_voviksvmlrk,フルファイト！アイス・トロンvsランダーデビル　マウンテン・ヒーローズNo.32 ライト級ワンマッチ,high
mh-28-ylkt9wt9zwk,mh-28,mh,2,ライト級,lightweight,one_match,ice_tron,アイス・トロン,,fighter_5a3a5740e6,ストライン・カーン,,,,,,,,,,,,false,,,,,勝敗・決着未入力。公式YouTube動画タイトルから抽出。,unknown,youtube_ylkt9wt9zwk,フルファイト！アイス・トロンvsストライン・カーン マウンテン・ヒーローズNo.28 ライト級ワンマッチ【ストライン・カーン引退試合】,high
target-87-umme48uzwwk,target-87,target,4,ライト級,lightweight,title_match,waku,わく,,frahm_gran,フラーム・グラン,,,,,,,,,,,,true,,,,,勝敗・決着未入力。公式YouTube動画タイトルから抽出。,unknown,youtube_umme48uzwwk,フルファイト！わくvsフラーム・グラン ターゲットNo.87 ライト級タイトルマッチ,high
target-99-fojc5uhptkc,target-99,target,2,ライト級,lightweight,one_match,waku,わく,,fighter_c6720136f7,バイソンデビル,,,,,,,,,,,,false,,,,,勝敗・決着未入力。公式YouTube動画タイトルから抽出。,unknown,youtube_fojc5uhptkc,フルファイト！わくvsバイソンデビル ターゲットNo.99 ライト級ワンマッチ,high
target-97-hkiilcnumae,target-97,target,3,ライト級,lightweight,one_match,waku,わく,,fighter_15a01339a6,アミュー・エンド・ビラー,,,,,,,,,,,,false,,,,,勝敗・決着未入力。公式YouTube動画タイトルから抽出。,unknown,youtube_hkiilcnumae,フルファイト！わくvsアミュー・エンド・ビラー ターゲットNo.97 ライト級ワンマッチ,high
target-100-trhpbjg3e9i,target-100,target,5,ライト級,lightweight,title_match,waku,わく,,tsukurihara,つくりはら,,,,,,,,,,,,true,,,,,勝敗・決着未入力。公式YouTube動画タイトルから抽出。,unknown,youtube_trhpbjg3e9i,フルファイト！わくvsつくりはら ターゲットNo.100 ライト級タイトルマッチ,high
target-93-xchkwjueaku,target-93,target,4,ライト級,lightweight,title_match,waku,わく,,kitamura,きたむら,,,,,,,,,,,,true,,,,,勝敗・決着未入力。公式YouTube動画タイトルから抽出。,unknown,youtube_xchkwjueaku,フルファイト！わくvsきたむら ターゲットNo.93 ライト級タイトルマッチ,high
target-92-mns910ezhl0,target-92,target,1,ライト級,lightweight,one_match,rokkou,ろっこう,,fighter_3a174b0d17,スペイラ,,,,,,,,,,,,false,,,,,勝敗・決着未入力。公式YouTube動画タイトルから抽出。,unknown,youtube_mns910ezhl0,フルファイト！ろっこうvsスペイラ　ターゲットNo.92 ライト級ワンマッチ,high
mh-35-qx9qzizzru8,mh-35,mh,1,ミドル級,middleweight,one_match,rancher_sugaya,らんちゃーすがや,,fighter_ffbd00f5ab,あかそ,,,,,,,,,,,,false,,,,,勝敗・決着未入力。公式YouTube動画タイトルから抽出。,unknown,youtube_qx9qzizzru8,フルファイト！らんちゃーすがやvsあかそ マウンテン・ヒーローズNo.35 ミドル級ワンマッチ,high
emperor-115-cx_ge_lrruq,emperor-115,emperor,2,ライト級,lightweight,one_match,fighter_4d6356d021,ゆめろう,,fighter_0f529b069a,クレイエル・アビソカ,,,,,,,,,,,,false,,,,,勝敗・決着未入力。公式YouTube動画タイトルから抽出。,unknown,youtube_cx_ge_lrruq,フルファイト！ゆめろうvsクレイエル・アビソカ エンペラーNo.115 ライト級ワンマッチ,high
emperor-114-jvdwhu96dwe,emperor-114,emperor,1,ライト級,lightweight,one_match,fighter_4d6356d021,ゆめろう,,sakurai,さくらい,,,,,,,,,,,,false,,,,,勝敗・決着未入力。公式YouTube動画タイトルから抽出。,unknown,youtube_jvdwhu96dwe,フルファイト！ゆめろうvsさくらい エンペラーNo.114 ライト級ワンマッチ,high
target-95-asrr1witayq,target-95,target,3,ライト級,lightweight,one_match,tsukurihara,つくりはら,,kyonai,きょうない,,,,,,,,,,,,false,,,,,勝敗・決着未入力。公式YouTube動画タイトルから抽出。,unknown,youtube_asrr1witayq,フルファイト！つくりはらvsきょうない ターゲットNo.95 ライト級ワンマッチ,high
target-94-prnriq9ymo8,target-94,target,5,ライト級,lightweight,one_match,tsuoshi,つおし,,tsukurihara,つくりはら,,,,,,,,,,,,false,,,,,勝敗・決着未入力。公式YouTube動画タイトルから抽出。,unknown,youtube_prnriq9ymo8,フルファイト！つおしvsつくりはら ターゲットNo.94 ライト級ワンマッチ,high
target-97-a0e5s_8l7bk,target-97,target,2,ライト級,lightweight,one_match,daina,だいな,,fighter_ca8f747620,エメラルド・バンキー,,,,,,,,,,,,false,,,,,勝敗・決着未入力。公式YouTube動画タイトルから抽出。,unknown,youtube_a0e5s_8l7bk,フルファイト！だいなvsエメラルド・バンキー ターゲットNo.97 ライト級ワンマッチ,high
target-89-guswydfnwly,target-89,target,1,ライト級,lightweight,one_match,daina,だいな,,fighter_020b361a38,イベルト・キューミ,,,,,,,,,,,,false,,,,,勝敗・決着未入力。公式YouTube動画タイトルから抽出。,unknown,youtube_guswydfnwly,フルファイト！だいなvsイベルト・キューミ ターゲットNo.89 ライト級ワンマッチ,high
target-96-rpyhrtbmqqg,target-96,target,2,ライト級,lightweight,one_match,daina,だいな,,tsuoshi,つおし,,,,,,,,,,,,false,,,,,勝敗・決着未入力。公式YouTube動画タイトルから抽出。,unknown,youtube_rpyhrtbmqqg,フルファイト！だいなvsつおし ターゲットNo.96 ライト級ワンマッチ,high
target-88-rbzqpxsucyo,target-88,target,1,ライト級,lightweight,one_match,daina,だいな,,kabuto,かぶと,,,,,,,,,,,,false,,,,,勝敗・決着未入力。公式YouTube動画タイトルから抽出。,unknown,youtube_rbzqpxsucyo,フルファイト！だいなvsかぶと ターゲットNo.88 ライト級ワンマッチ,high
mh-32-cbwe6lcqxea,mh-32,mh,2,ライト級,lightweight,one_match,sangoku,さんごく,,fighter_675633087d,レオナルド・フォードバック,,,,,,,,,,,,false,,,,,勝敗・決着未入力。公式YouTube動画タイトルから抽出。,unknown,youtube_cbwe6lcqxea,フルファイト！さんごくvsレオナルド・フォードバック マウンテン・ヒーローズNo.32 ライト級ワンマッチ,high
mh-36-i3q_xcgnqu0,mh-36,mh,1,ライト級,lightweight,one_match,sangoku,さんごく,,fighter_a5b1c7ad26,キマイラ,,,,,,,,,,,,false,,,,,勝敗・決着未入力。公式YouTube動画タイトルから抽出。,unknown,youtube_i3q_xcgnqu0,フルファイト！さんごくvsキマイラ マウンテン・ヒーローズNo.36 ライト級ワンマッチ,high
mh-29-3y5_aacio9u,mh-29,mh,3,ライト級,lightweight,one_match,sangoku,さんごく,,kuwashio,くわしお,,,,,,,,,,,,false,,,,,勝敗・決着未入力。公式YouTube動画タイトルから抽出。,unknown,youtube_3y5_aacio9u,フルファイト！さんごくvsくわしお マウンテン・ヒーローズNo.29 ライト級ワンマッチ,high
emperor-115-1xiijizqf6k,emperor-115,emperor,1,ライト級,lightweight,one_match,sakurai,さくらい,,fighter_30b7a4a468,ステシエン・チェット,,,,,,,,,,,,false,,,,,勝敗・決着未入力。公式YouTube動画タイトルから抽出。,unknown,youtube_1xiijizqf6k,フルファイト！さくらいvsステシエン・チェット エンペラーNo.115 ライト級ワンマッチ,high
emperor-116-gfmu865mz7a,emperor-116,emperor,1,ミドル級,middleweight,one_match,sakaeda,さかえだ,,fighter_5d7998006d,ダイス・ヴォルケード,,,,,,,,,,,,false,,,,,勝敗・決着未入力。公式YouTube動画タイトルから抽出。,unknown,youtube_gfmu865mz7a,フルファイト！さかえだvsダイス・ヴォルケード エンペラーNo.116 ミドル級ワンマッチ,high
emperor-118-puek0yf2jrm,emperor-118,emperor,2,ミドル級,middleweight,one_match,sakaeda,さかえだ,,fighter_468bc73db5,ガネルソン・シャル・ワー,,,,,,,,,,,,false,,,,,勝敗・決着未入力。公式YouTube動画タイトルから抽出。,unknown,youtube_puek0yf2jrm,フルファイト！さかえだvsガネルソン・シャル・ワー エンペラーNo.118 ミドル級ワンマッチ,high
mh-31-qfluks4xe_a,mh-31,mh,2,ライト級,lightweight,one_match,kuwashio,くわしお,,fighter_7c5cf999ac,ビクトル・ナッカー,,,,,,,,,,,,false,,,,,勝敗・決着未入力。公式YouTube動画タイトルから抽出。,unknown,youtube_qfluks4xe_a,フルファイト！くわしおvsビクトル・ナッカー マウンテン・ヒーローズNo.31 ライト級ワンマッチ,high
mh-32-vtcukxw1mhq,mh-32,mh,1,ライト級,lightweight,one_match,kuwashio,くわしお,,fighter_c6b52ed0b2,バン・ベルソーザ,,,,,,,,,,,,false,,,,,勝敗・決着未入力。公式YouTube動画タイトルから抽出。,unknown,youtube_vtcukxw1mhq,フルファイト！くわしおvsバン・ベルソーザ マウンテン・ヒーローズNo.32 ライト級ワンマッチ,high
target-94-b4zgeurnq5m,target-94,target,4,ミドル級,middleweight,one_match,kintoki,きんとき,,fighter_a850bd04f1,サム・ラッシュ,,,,,,,,,,,,false,,,,,勝敗・決着未入力。公式YouTube動画タイトルから抽出。,unknown,youtube_b4zgeurnq5m,フルファイト！きんときvsサム・ラッシュ ターゲットNo.94 ミドル級ワンマッチ,high
target-90-axwmuo68z5s,target-90,target,2,ミドル級,middleweight,one_match,kintoki,きんとき,,otosawa,おとさわ,,,,,,,,,,,,false,,,,,勝敗・決着未入力。公式YouTube動画タイトルから抽出。,unknown,youtube_axwmuo68z5s,フルファイト！きんときvsおとさわ ターゲットNo.90 ミドル級ワンマッチ,high
target-99-zlcjdyc17x4,target-99,target,1,ライト級,lightweight,one_match,kyonai,きょうない,,fighter_0de6ecf382,レーサー・ガルシア,,,,,,,,,,,,false,,,,,勝敗・決着未入力。公式YouTube動画タイトルから抽出。,unknown,youtube_zlcjdyc17x4,フルファイト！きょうないvsレーサー・ガルシア ターゲットNo.99 ライト級ワンマッチ,high
target-94-uac5dnojzno,target-94,target,3,ライト級,lightweight,one_match,kyonai,きょうない,,rokkou,ろっこう,,,,,,,,,,,,false,,,,,勝敗・決着未入力。公式YouTube動画タイトルから抽出。,unknown,youtube_uac5dnojzno,フルファイト！きょうないvsろっこう ターゲットNo.94 ライト級ワンマッチ,high
target-93-zeunufd2xjc,target-93,target,3,ライト級,lightweight,one_match,kyonai,きょうない,,tsuoshi,つおし,,,,,,,,,,,,false,,,,,勝敗・決着未入力。公式YouTube動画タイトルから抽出。,unknown,youtube_zeunufd2xjc,フルファイト！きょうないvsつおし ターゲットNo.93 ライト級ワンマッチ,high
target-97-dcfiqm3hguy,target-97,target,1,ライト級,lightweight,one_match,kyonai,きょうない,,katsuragi,かつらぎ,,,,,,,,,,,,false,,,,,勝敗・決着未入力。公式YouTube動画タイトルから抽出。,unknown,youtube_dcfiqm3hguy,フルファイト！きょうないvsかつらぎ ターゲットNo.97 ライト級ワンマッチ,high
target-91-d5p6vt8yd6e,target-91,target,1,ライト級,lightweight,one_match,kitamura,きたむら,,fighter_cdb8d47163,ワインセル,,,,,,,,,,,,false,,,,,勝敗・決着未入力。公式YouTube動画タイトルから抽出。,unknown,youtube_d5p6vt8yd6e,フルファイト！きたむらvsワインセル ターゲットNo.91 ライト級ワンマッチ,high
target-87-mnuuhlkn1lm,target-87,target,3,ライト級,lightweight,title_match,kitamura,きたむら,,frahm_gran,フラーム・グラン,,,,,,,,,,,,true,,,,,勝敗・決着未入力。公式YouTube動画タイトルから抽出。,unknown,youtube_mnuuhlkn1lm,フルファイト！きたむらvsフラーム・グラン　ターゲットNo.87 ライト級タイトルマッチ,high
target-100-lezep1guura,target-100,target,4,ライト級,lightweight,one_match,kitamura,きたむら,,tsuoshi,つおし,,,,,,,,,,,,false,,,,,勝敗・決着未入力。公式YouTube動画タイトルから抽出。,unknown,youtube_lezep1guura,フルファイト！きたむらvsつおし ターゲットNo.100 ライト級ワンマッチ,high
target-94-k74fho1c9oa,target-94,target,2,ライト級,lightweight,one_match,kitamura,きたむら,,daina,だいな,,,,,,,,,,,,false,,,,,勝敗・決着未入力。公式YouTube動画タイトルから抽出。,unknown,youtube_k74fho1c9oa,フルファイト！きたむらvsだいな ターゲットNo.94ライト級ワンマッチ,high
mh-29-xv2i76qlrti,mh-29,mh,2,ライト級,lightweight,one_match,kawakami,かわかみ,,rolling_jr,ローリングジュニア,,,,,,,,,,,,false,,,,,勝敗・決着未入力。公式YouTube動画タイトルから抽出。,unknown,youtube_xv2i76qlrti,フルファイト！かわかみvsローリングジュニア マウンテン・ヒーローズNo.29 ライト級ワンマッチ,high
mh-31-gapmkahkaca,mh-31,mh,1,ライト級,lightweight,one_match,kawakami,かわかみ,,fighter_4315a5de6a,ヨルセン・バクダリア,,,,,,,,,,,,false,,,,,勝敗・決着未入力。公式YouTube動画タイトルから抽出。,unknown,youtube_gapmkahkaca,フルファイト！かわかみvsヨルセン・バクダリア マウンテン・ヒーローズNo.31 ライト級ワンマッチ,high
mh-28-k73xvvbyvdq,mh-28,mh,1,ライト級,lightweight,one_match,kawakami,かわかみ,,fighter_a5b1c7ad26,キマイラ,,,,,,,,,,,,false,,,,,勝敗・決着未入力。公式YouTube動画タイトルから抽出。,unknown,youtube_k73xvvbyvdq,フルファイト！かわかみvsキマイラ マウンテン・ヒーローズNo.28 ライト級ワンマッチ,high
target-95-szu3dddzt7i,target-95,target,2,ミドル級,middleweight,one_match,kabei,かべい,,fighter_31e0efe5d2,シガー・ユーナイム,,,,,,,,,,,,false,,,,,勝敗・決着未入力。公式YouTube動画タイトルから抽出。,unknown,youtube_szu3dddzt7i,フルファイト！かべいvsシガー・ユーナイム ターゲットNo.95 ミドル級ワンマッチ,high
target-100-cfrmhlwri38,target-100,target,3,ミドル級,middleweight,title_match,kabei,かべい,,gitamin_aaron,ギタミン・アーロン,,,,,,,,,,,,true,,,,,勝敗・決着未入力。公式YouTube動画タイトルから抽出。,unknown,youtube_cfrmhlwri38,フルファイト！かべいvsギタミン・アーロン ターゲットNo.100 ミドル級タイトルマッチ,high
target-93-pdnwpfzix_s,target-93,target,2,ミドル級,middleweight,one_match,kabei,かべい,,kazeno,かぜの,,,,,,,,,,,,false,,,,,勝敗・決着未入力。公式YouTube動画タイトルから抽出。,unknown,youtube_pdnwpfzix_s,フルファイト！かべいvsかぜの ターゲットNo.93 ミドル級ワンマッチ,high
target-93-ylxlp33n0ga,target-93,target,1,ライト級,lightweight,one_match,kabuto,かぶと,,tsukurihara,つくりはら,,,,,,,,,,,,false,,,,,勝敗・決着未入力。公式YouTube動画タイトルから抽出。,unknown,youtube_ylxlp33n0ga,フルファイト！かぶとvsつくりはら ターゲットNo.93 ライト級ワンマッチ,high
target-94-jo26n2x7374,target-94,target,1,ライト級,lightweight,one_match,katsuragi,かつらぎ,,fighter_0de6ecf382,レーサー・ガルシア,,,,,,,,,,,,false,,,,,勝敗・決着未入力。公式YouTube動画タイトルから抽出。,unknown,youtube_jo26n2x7374,フルファイト！かつらぎvsレーサー・ガルシア ターゲットNo.94 ライト級ワンマッチ,high
target-95-bvdghnzn_b0,target-95,target,1,ミドル級,middleweight,one_match,otosawa,おとさわ,,fighter_e9d2feca82,ミハエル・ボタルニカ,,,,,,,,,,,,false,,,,,勝敗・決着未入力。公式YouTube動画タイトルから抽出。,unknown,youtube_bvdghnzn_b0,フルファイト！おとさわvsミハエル・ボタルニカ ターゲットNo.95 ミドル級ワンマッチ,high
target-98-eecspfndgri,target-98,target,2,ミドル級,middleweight,one_match,otosawa,おとさわ,,zamon,ザモン,,,,,,,,,,,,false,,,,,勝敗・決着未入力。公式YouTube動画タイトルから抽出。,unknown,youtube_eecspfndgri,フルファイト！おとさわvsザモン ターゲットNo.98 ミドル級ワンマッチ,high
target-87-5zbvriy_62w,target-87,target,2,ミドル級,middleweight,title_match,otosawa,おとさわ,,kabei,かべい,,,,,,,,,,,,true,,,,,勝敗・決着未入力。公式YouTube動画タイトルから抽出。,unknown,youtube_5zbvriy_62w,フルファイト！おとさわvsかべい ターゲットNo.87 ターゲットミドル級王座決定戦,high
elite-spirits-middleweight-gp-1gjvqnjwjo4,elite-spirits-middleweight-gp,elite_spirits,7,ミドル級,middleweight,tournament_bout,fighter_3c507e2d6d,エス・ガリオン,,fighter_41a3b1ba33,ジャニマード・トスパチ,,,,,,,,,,,,false,,,,,勝敗・決着未入力。公式YouTube動画タイトルから抽出。,unknown,youtube_1gjvqnjwjo4,フルファイト！【煽り付き】エリートスピリッツミドル級GP準決勝Ｂブロック　エス・ガリオンvsジャニマード・トスパチ,high
elite-spirits-middleweight-gp-mtwfjz88t8q,elite-spirits-middleweight-gp,elite_spirits,6,ミドル級,middleweight,tournament_bout,aurora_devil,オーロラデビル,,python_hayashi,ぱいそんはやし,,,,,,,,,,,,false,,,,,勝敗・決着未入力。公式YouTube動画タイトルから抽出。,unknown,youtube_mtwfjz88t8q,フルファイト！【煽り付き】エリートスピリッツミドル級GP準決勝Aブロック　オーロラデビルvsぱいそんはやし,high
elite-spirits-middleweight-gp-youvqzjbhty,elite-spirits-middleweight-gp,elite_spirits,5,ミドル級,middleweight,tournament_bout,fighter_c98552cdc9,Ｂ オーロラデビル,,fighter_3c507e2d6d,エス・ガリオン,,,,,,,,,,,,false,,,,,勝敗・決着未入力。公式YouTube動画タイトルから抽出。,unknown,youtube_youvqzjbhty,フルファイト！【煽り付き】エリートスピリッツミドル級GP決勝Ｂ　オーロラデビルvsエス・ガリオン,high
elite-spirits-middleweight-gp-0f7ci7mo380,elite-spirits-middleweight-gp,elite_spirits,4,ミドル級,middleweight,tournament_bout,fighter_41a3b1ba33,ジャニマード・トスパチ,,kodama,こだま,,,,,,,,,,,,false,,,,,勝敗・決着未入力。公式YouTube動画タイトルから抽出。,unknown,youtube_0f7ci7mo380,フルファイト！【煽り付き】エリートスピリッツミドル級GP一回戦Bブロック　ジャニマード・トスパチvsこだま,high
elite-spirits-middleweight-gp-ivzr3cr_yka,elite-spirits-middleweight-gp,elite_spirits,3,ミドル級,middleweight,tournament_bout,python_hayashi,ぱいそんはやし,,fighter_d3f7158d8a,アンディ・ザメス,,,,,,,,,,,,false,,,,,勝敗・決着未入力。公式YouTube動画タイトルから抽出。,unknown,youtube_ivzr3cr_yka,フルファイト！【煽り付き】エリートスピリッツミドル級GP一回戦Bブロック　ぱいそんはやしvsアンディ・ザメス,high
elite-spirits-middleweight-gp-n20_g5cynje,elite-spirits-middleweight-gp,elite_spirits,2,ミドル級,middleweight,tournament_bout,ginnosuke,ぎんのすけ,,aurora_devil,オーロラデビル,,,,,,,,,,,,false,,,,,勝敗・決着未入力。公式YouTube動画タイトルから抽出。,unknown,youtube_n20_g5cynje,フルファイト！【煽り付き】エリートスピリッツミドル級GP一回戦Bブロック　ぎんのすけvsオーロラデビル,high
elite-spirits-middleweight-gp-tg_jild1vk0,elite-spirits-middleweight-gp,elite_spirits,1,ミドル級,middleweight,tournament_bout,kazeno,かぜの,,fighter_3c507e2d6d,エス・ガリオン,,,,,,,,,,,,false,,,,,勝敗・決着未入力。公式YouTube動画タイトルから抽出。,unknown,youtube_tg_jild1vk0,フルファイト！【煽り付き】エリートスピリッツミドル級GP一回戦Bブロック　かぜのvsエス・ガリオン,high
mh-37-e8wdonlgqdm,mh-37,mh,5,ライト級,lightweight,one_match,fighter_5fa6c40d05,ヤック・ティアット,,fighter_130ce1e900,キクチ・ピアノセン,,,,,,,,,,,,false,,,,,勝敗・決着未入力。公式YouTube動画タイトルから抽出。,unknown,youtube_e8wdonlgqdm,フルファイト！ヤック・タイアットvsきくちぴあのせん マウンテン・ヒーローズNo.37 ライト級ワンマッチ,high
mh-37-wb89rr2aolc,mh-37,mh,4,ミドル級,middleweight,video_catalog_bout,fighter_0f7f08df67,トゥワックデビル,,fighter_169d4ecfe8,ラドフ,,,,,,,,,,,,false,,,,,勝敗・決着未入力。公式YouTube動画タイトルから抽出。,unknown,youtube_wb89rr2aolc,フルファイト！トワックデビルvsラドフ　マウンテン・ヒーローズNo.37 ミドル級ワンマッチ,high
mh-37-ja9gvq_3_w0,mh-37,mh,3,ミドル級,middleweight,video_catalog_bout,rancher_sugaya,らんちゃーすがや,,fighter_392d495da8,ライン・デュオ,,,,,,,,,,,,false,,,,,勝敗・決着未入力。公式YouTube動画タイトルから抽出。,unknown,youtube_ja9gvq_3_w0,フルファイト！らんちゃーすがやvsライン・デュオ マウンテン・ヒーローズNo.37 ミドル級ワンマッチ,high
mh-37-4hk_8kwcxao,mh-37,mh,2,ミドル級,middleweight,video_catalog_bout,fighter_d9983ebeb3,クロノ・マリーケン,,fighter_5f53eea569,オーシューワイルド,,,,,,,,,,,,false,,,,,勝敗・決着未入力。公式YouTube動画タイトルから抽出。,unknown,youtube_4hk_8kwcxao,フルファイト！クロノ・マリーケンvsオーシューワイルド　マウンテン・ヒーローズNo.37 ミドル級ワンマッチ,high
