article_id,event_id,bout_order,division,bout_type,fighter_a,fighter_b,winner,loser,round,time,method_raw,method_normalized,technique,source_line_start,source_line_end,source_text,confidence
note-n001f39a5fefb,mh-33,1,ミドル級,one_match,クロノ・マリーケン,らんちゃーすがや,らんちゃーすがや,クロノ・マリーケン,2R,3分46秒,,,,11,14,●クロノ・マリーケン【8勝8敗】 / 🆚 / ○らんちゃーすがや【5勝1敗】 / （2R3分46秒KO 左フック→右ジャブ→パウンド）,medium
note-n001f39a5fefb,mh-33,2,ライト級,one_match,ローリングjr,ダブド・ガブリシャン,ローリングjr,ダブド・ガブリシャン,1R,1分31秒,ギロチン,SUB,,16,19,○ローリングjr 【4勝2敗】 / 🆚 / ●ダブド・ガブリシャン【3勝1敗】 / （1R1分31秒 ギロチンチョーク）,high
note-n001f39a5fefb,mh-33,3,ライト級,one_match,キマイラ,ムラト・クツワ,キマイラ,ムラト・クツワ,1R,2分23秒,,,,21,24,○キマイラ【6勝4敗】 / 🆚 / ●ムラト・クツワ【1勝2敗】 / （1R2分23秒KO 左フック）,medium
note-n05a3b7b38805,target-93,1,ライト級,title_match,わく,きたむら,わく,きたむら,1R,1分51秒,,,,11,14,◯わく【8勝1敗】＊① / 🆚 / ●きたむら【16勝5敗】 / （1R1分51秒KO 膝蹴り→パウンド）,medium
note-n05a3b7b38805,target-93,2,ライト級,one_match,かぶと,つくりはら,つくりはら,かぶと,1R,1分32秒,RNC,SUB,,17,20,●かぶと【11勝12敗】 / 🆚 / ○つくりはら【1勝0敗】 / （1R1分３２秒 RNC）,high
note-n05a3b7b38805,target-93,3,ライト級,one_match,きょうない,つおし,つおし,きょうない,3R終了,,判定,DEC,,22,25,●きょうない【1勝0敗】 / 🆚 / ○つおし【1勝0敗】 / （3R終了判定2-1）,high
note-n05a3b7b38805,target-93,4,ライト級,one_match,フラーム・グラン,スマット・ターウィ,フラーム・グラン,スマット・ターウィ,1R,1分50秒,,,,27,30,○フラーム・グラン【17勝10敗】 / 🆚 / ●スマット・ターウィ【0勝1敗】 / （1R1分50秒KO 左アッパー）,medium
note-n05a3b7b38805,target-93,5,ライト級,one_match,ワインセル,イベルト・キューミ,ワインセル,イベルト・キューミ,2R,2分15秒,,,,32,35,○ワインセル【8勝7敗】 / 🆚 / ●イベルト・キューミ【2勝3敗】 / （2R2分15秒KO 三日月蹴り→パウンド）,medium
note-n05a3b7b38805,target-93,6,ミドル級,one_match,かべい,かぜの,かべい,かぜの,1R,1分28秒,,,,37,40,○かべい【9勝4敗】 / 🆚 / ●かぜの【0勝1敗】 / （1R1分28秒KO 左ストレート）,medium
note-n15885dea4393,target-101,1,ミドル級,title_match,ギタミン・アーロン,おとさわ,ギタミン・アーロン,おとさわ,1R,3分35秒,,,,11,14,○ギタミン・アーロン【14勝4敗】 / 🆚 / ●おとさわ【23勝16敗】 / （1R3分35秒KO 左アッパー→パウンド）,medium
note-n15885dea4393,target-101,2,ミドル級,one_match,かべい,ラミーロ・コート,かべい,ラミーロ・コート,2R,3分29秒,,,,17,20,○かべい【13勝5敗】 / 🆚 / ●ラミーロ・コート【0勝1敗】 / （2R3分29秒KO 飛び込みパンチ→パウンド）,medium
note-n15885dea4393,target-101,3,ミドル級,one_match,ザモン,オーロラデビル,オーロラデビル,ザモン,1R,2分40秒,三角,SUB,,22,25,●ザモン【1勝2敗】 / 🆚 / ○オーロラデビル【1勝0敗】 / （1R2分40秒 三角絞め）,high
note-n15885dea4393,target-101,4,ライト級,one_match,かぶと,イベルト・キューミ,かぶと,イベルト・キューミ,3R,2分11秒,,,,27,30,○かぶと【11勝13敗】 / 🆚 / ●イベルト・キューミ【3勝4敗】 / （3R2分11秒KO パウンド）,medium
note-n168697057b95,max-bout-unknown-middleweight-tournament,1,ヘビー級,one_match,テール・ジャンク,タイプ・ジー,タイプ・ジー,テール・ジャンク,3R終了,,判定,DEC,,11,14,●テール・ジャンク【27勝3敗】 / 🆚 / ◯タイプ・ジー【1勝0敗】 / （3R終了 判定3-0）,high
note-n168697057b95,max-bout-unknown-middleweight-tournament,2,ミドル級,one_match,かべい,さかえだ,かべい,さかえだ,1R,2分52秒,ＫＯ,KO,,21,24,◯かべい【12勝4敗】 / 🆚 / ●さかえだ【20勝9敗】 / （1R2分52秒 ＫＯ 左フック→パウンド）,high
note-n168697057b95,max-bout-unknown-middleweight-tournament,3,ミドル級,one_match,おとさわ,らんちゃーすがや,おとさわ,らんちゃーすがや,3R,3分05秒,RNC,SUB,,26,29,◯おとさわ【23勝15敗】 / 🆚 / ●らんちゃーすがや【6勝2敗】 / （3R3分05秒 RNC）,high
note-n168697057b95,max-bout-unknown-middleweight-tournament,4,ミドル級,one_match,ダイス・ヴォルケード,ライン・デュオ,ダイス・ヴォルケード,ライン・デュオ,1R,1分13秒,ＫＯ,KO,,31,34,◯ダイス・ヴォルケード【6勝3敗】 / 🆚 / ●ライン・デュオ【1勝2敗】 / （1R1分13秒ＫＯ 左ストレート）,high
note-n16df678bd0b6,mh-34,1,ヘビー級,one_match,テール・ジャンク,クーラー・ジョイントン,テール・ジャンク,クーラー・ジョイントン,1R,3分25秒,,,,11,14,○テール・ジャンク【27勝2敗】 / 🆚 / ●クーラー・ジョイントン【0勝1敗】 / （1R3分25秒KO 左アッパー→パウンド）,medium
note-n16df678bd0b6,mh-34,2,ミドル級,one_match,ゼット,ライン・デュオ,ライン・デュオ,ゼット,3R終了,,判定,DEC,,16,19,●ゼット【11勝6敗】 / 🆚 / ○ライン・デュオ【1勝1敗】 / （3R終了 判定2-1）,high
note-n16df678bd0b6,mh-34,3,ライト級,one_match,イスカン・アステ,ジョン・バレー,イスカン・アステ,ジョン・バレー,1R,0分13秒,,,,21,24,○イスカン・アステ【4勝1敗】 / 🆚 / ●ジョン・バレー【2勝5敗】 / （1R0分13秒KO 左ストレート）,medium
note-n16df678bd0b6,mh-34,4,ライト級,one_match,キマイラ,ダブド・ガブリシャン,ダブド・ガブリシャン,キマイラ,1R,2分16秒,チョーク,SUB,,26,29,●キマイラ【6勝5敗】 / 🆚 / ○ダブド・ガブリシャン【4勝1敗】 / （1R2分16秒 ダースチョーク）,high
note-n1dad6c53911a,target-90,1,ミドル級,one_match,おとさわ,きんとき,おとさわ,きんとき,1R,2分54秒,一本,SUB,,12,13,○おとさわ🆚●きんとき,high
note-n1dad6c53911a,target-90,2,ミドル級,one_match,シガー・ユーナイム,ファン・ミール・セイバー,シガー・ユーナイム,ファン・ミール・セイバー,1R,1分59秒,,,,15,16,○シガー・ユーナイム🆚●ファン・ミール・セイバー,medium
note-n1dad6c53911a,target-90,3,ミドル級,one_match,チャールス・ブランディン,ロコール・アラニン,チャールス・ブランディン,ロコール・アラニン,1R,1分45秒,タップアウト,TKO,,18,19,○チャールス・ブランディン🆚●ロコール・アラニン,high
note-n1dad6c53911a,target-90,4,ミドル級,one_match,ブレード・アロー,ダイス・ヴォルケード,ダイス・ヴォルケード,ブレード・アロー,1R,1分50秒,,,,21,22,●ブレード・アロー🆚○ダイス・ヴォルケード,medium
note-n25252920d028,emperor-115,1,ライト級,title_match,マルコ・フレイザー,ブルーワン,ブルーワン,マルコ・フレイザー,3R,2分40秒,,,,11,14,●マルコ・フレイザー【6勝2敗】 / 🆚 / ○ブルーワン【16勝5敗】 / （3R2分40秒KO 左ハイキック）,medium
note-n25252920d028,emperor-115,2,ライト級,one_match,コルト・アプロー,パット・バミューダ,コルト・アプロー,パット・バミューダ,1R,2分40秒,肩固め,SUB,,17,20,○コルト・アプロー【19勝12敗】 / 🆚 / ●パット・バミューダ【1勝2敗】 / （1R2分40秒 肩固め）,high
note-n25252920d028,emperor-115,3,ライト級,one_match,さくらい,ステシエン・チェット,ステシエン・チェット,さくらい,1R,2分15秒,アームバー,SUB,,22,25,●さくらい【9勝9敗】 / 🆚 / ○ステシエン・チェット【3勝0敗】 / （1R2分15秒 アームバー）,high
note-n25252920d028,emperor-115,4,ライト級,one_match,ゆめろう,クレイエル・アビソカ,ゆめろう,クレイエル・アビソカ,1R,1分36秒,,,,27,30,○ゆめろう【6勝4敗】 / 🆚 / ●クレイエル・アビソカ【1勝2敗】 / （1R1分36秒 ヒールホールド）,medium
note-n25252920d028,emperor-115,5,ミドル級,one_match,ダートソン,アトゥリうえはら,ダートソン,アトゥリうえはら,1R,3分42秒,,,,32,35,○ダートソン【2勝3敗】 / 🆚 / ●アトゥリうえはら【1勝2敗】 / （1R3分42秒KO パンチ連打）,medium
note-n2a15808854f2,emperor-119,1,ミドル級,one_match,さかえだ,ルージュド・スターリー,ルージュド・スターリー,さかえだ,1R終了,,コーナーストップ,TKO,,11,14,●さかえだ【20勝11敗】 / 🆚 / ○ルージュド・スターリー【13勝3敗】 / （1R終了時TKO コーナーストップ）,high
note-n2a15808854f2,emperor-119,2,ミドル級,one_match,ダートソン,ガネルソン・シャル・ワー,ガネルソン・シャル・ワー,ダートソン,1R,2分09秒,,,,16,19,●ダートソン【2勝4敗】 / 🆚 / ○ガネルソン・シャル・ワー【2勝0敗】 / （1R2分09秒KO 左フック）,medium
note-n2a15808854f2,emperor-119,3,ミドル級,one_match,さくらい,レイ・ガシーオ,さくらい,レイ・ガシーオ,2R,1分56秒,アームロック,SUB,,21,24,○さくらい【10勝9敗】 / 🆚 / ●レイ・ガシーオ【2勝5敗】 / （2R1分56秒 アームロック）,high
note-n2a15808854f2,emperor-119,4,ミドル級,one_match,アトゥリうえはら,エス・ガリオン,エス・ガリオン,アトゥリうえはら,1R,2分24秒,RNC,SUB,,26,29,●アトゥリうえはら【1勝3敗】 / 🆚 / ○エス・ガリオン【1勝0敗】 / （1R2分24秒 RNC）,high
note-n2ecf288742b3,emperor-110,1,ミドル級,one_match,ダートソン,レイ・ガシーオ,レイ・ガシーオ,ダートソン,,,反則,DQ,,10,11,●ダートソン🆚○レイ・ガシーオ,high
note-n2ecf288742b3,emperor-110,2,ミドル級,one_match,ブレード・アロー,パリド・アーディン,ブレード・アロー,パリド・アーディン,1R,3分22秒,ネックロック,SUB,,13,14,○ブレード・アロー🆚●パリド・アーディン,high
note-n2ecf288742b3,emperor-110,3,ミドル級,one_match,ダイス・ヴォルケード,ヴァン・ブルックス,ダイス・ヴォルケード,ヴァン・ブルックス,1R,1分22秒,,,,16,17,○ダイス・ヴォルケード🆚●ヴァン・ブルックス,medium
note-n2ecf288742b3,emperor-110,4,ミドル級,one_match,さかえだ,アトゥリうえはら,さかえだ,アトゥリうえはら,3R,3分06秒,タオル投入,TKO,,19,20,○さかえだ🆚●アトゥリうえはら,high
note-n2ecf288742b3,emperor-110,5,ミドル級,one_match,ロコール・アラニン,シャパール・アミア,ロコール・アラニン,シャパール・アミア,1R,2分10秒,,,,22,23,○ロコール・アラニン🆚●シャパール・アミア,medium
note-n382366e8d3d8,target-94,1,ライト級,one_match,だいな,きたむら,きたむら,だいな,1R,2分36秒,,,,11,14,●だいな【2勝2敗】 / 🆚 / ○きたむら【17勝5敗】 / （1R2分36秒KO パウンド）,medium
note-n382366e8d3d8,target-94,2,ミドル級,one_match,きんとき,サム・ラッシュ,サム・ラッシュ,きんとき,1R,1分24秒,,,,16,19,●きんとき【8勝10敗】 / 🆚 / ○サム・ラッシュ【1勝0敗】 / （1R1分24秒KO 左フック）,medium
note-n382366e8d3d8,target-94,3,ライト級,one_match,つおし,つくりはら,つくりはら,つおし,1R,1分16秒,,,,21,24,●つおし【1勝1敗】 / 🆚 / ○つくりはら【2勝0敗】 / （1R1分16秒KO 左フック→膝蹴り→パウンド）,medium
note-n382366e8d3d8,target-94,4,ライト級,one_match,きょうない,ろっこう,きょうない,ろっこう,2R,3分00秒,チョーク,SUB,,26,29,○きょうない【1勝1敗】 / 🆚 / ●ろっこう【0勝2敗】 / （2R3分00秒 チョークスリーパー）,high
note-n382366e8d3d8,target-94,5,ライト級,one_match,レーサー・ガルシア,かつらぎ,レーサー・ガルシア,かつらぎ,1R,2分29秒,三角,SUB,,31,34,○レーサー・ガルシア【1勝1敗】 / 🆚 / ●かつらぎ【0勝1敗】 / （1R2分29秒 三角絞め）,high
note-n3b4b0b6ed3c8,mh-30,1,ライト級,title_match,ランダーデビル防衛②,さんごく,ランダーデビル防衛②,さんごく,3R,3分07秒,肩固め,SUB,,11,14,○ランダーデビル【25勝5敗】防衛② / 🆚 / ●さんごく【6勝2敗】 / （3R3分07秒 肩固め）,high
note-n3b4b0b6ed3c8,mh-30,2,ライト級,one_match,バンドルフ・ガルブンタ,ローリングjr27歳,ローリングjr27歳,バンドルフ・ガルブンタ,1R,2分05秒,,,,16,19,●バンドルフ・ガルブンタ【4勝5敗】 / 🆚 / ○ローリングjr27歳【2勝2敗】 / （1R2分05秒KO 膝蹴り）,medium
note-n3b4b0b6ed3c8,mh-30,3,ライト級,one_match,ムラト・クツワ,ダブド・ガブリシャン,ダブド・ガブリシャン,ムラト・クツワ,1R,1分53秒,タオル投入,TKO,,21,24,●ムラト・クツワ【1勝1敗】 / 🆚 / ○ダブド・ガブリシャン【2勝0敗】 / （1R1分53秒TKO パウンド→タオル投入）,high
note-n3b4b0b6ed3c8,mh-30,4,ライト級,one_match,キマイラ,イスカン・アステ,イスカン・アステ,キマイラ,1R,1分47秒,,,,26,29,●キマイラ【4勝4敗】 / 🆚 / ○イスカン・アステ【2勝0敗】 / （1R1分47秒KO 左ストレート）,medium
note-n3b4b0b6ed3c8,mh-30,5,ミドル級,one_match,トルー・パルドレス,らんちゃーすがや,らんちゃーすがや,トルー・パルドレス,3R終了,,判定,DEC,,31,34,●トルー・パルドレス【4勝4敗】 / 🆚 / ○らんちゃーすがや【4勝1敗】 / （3R終了判定 2-1）,high
note-n3ff7523758ca,,1,ライト級,one_match,マルコ・フレイザー,パット・バミューダ,マルコ・フレイザー,パット・バミューダ,2R,1分52秒,,,,11,14,○マルコ・フレイザー【8勝2敗】 / 🆚 / ●パット・バミューダ【1勝3敗】 / （2R1分52秒KO 左フック→パウンド）,medium
note-n3ff7523758ca,,2,ライト級,one_match,コルト・アプロー,ゆめろう,コルト・アプロー,ゆめろう,2R,3分48秒,アームバー,SUB,,16,19,○コルト・アプロー【20勝12敗】 / 🆚 / ●ゆめろう【6勝5敗】 / （2R3分48秒 アームバー）,high
note-n3ff7523758ca,,3,ミドル級,one_match,レイ・ガシーオ,ルージュド・スターリー,ルージュド・スターリー,レイ・ガシーオ,1R,2分47秒,チョーク,SUB,,21,24,●レイ・ガシーオ【2勝4敗】 / 🆚 / ○ルージュド・スターリー【11勝2敗】 / （1R2分47秒 アナコンダチョーク）,high
note-n3ffa4b05eb45,target-97,1,ライト級,one_match,わく,アミュー・エンド・ビラー,わく,アミュー・エンド・ビラー,1R,3分05秒,,,,11,14,○わく【9勝1敗】 / 🆚 / ●アミュー・エンド・ビラー【5勝15敗】 / （1R3分05秒KO ミドルキック）,medium
note-n3ffa4b05eb45,target-97,2,ライト級,one_match,ハリス・オルビック,つくりはら,つくりはら,ハリス・オルビック,3R,2分52秒,三角,SUB,,16,19,●ハリス・オルビック 【27勝17敗】 / 🆚 / ○つくりはら【4勝0敗】 / （3R2分52秒 腕ひしぎ三角固め）,high
note-n3ffa4b05eb45,target-97,3,ライト級,one_match,フラーム・グラン,イベルト・キューミ,フラーム・グラン,イベルト・キューミ,2R,4分10秒,三角,SUB,,21,24,○フラーム・グラン【18勝11敗】 / 🆚 / ●イベルト・キューミ【2勝4敗】 / （2R4分10秒 腕ひしぎ三角固め）,high
note-n3ffa4b05eb45,target-97,4,ライト級,one_match,だいな,エメラルド・バンキー,だいな,エメラルド・バンキー,1R,1分33秒,,,,26,29,○だいな【4勝2敗】 / 🆚 / ●エメラルド・バンキー【1勝3敗】 / （1R1分33秒 膝蹴り→パウンド）,medium
note-n3ffa4b05eb45,target-97,5,ライト級,one_match,きょうない,かつらぎ,きょうない,かつらぎ,1R,2分59秒,,,,31,34,○きょうない【2勝2敗】 / 🆚 / ●かつらぎ【0勝2敗】 / （1R2分59秒KO 左フック）,medium
note-n4523b9139a53,emperor-120,1,ミドル級,one_match,ミサ・ウィル・ジョー,ブレード・アロー,ミサ・ウィル・ジョー,ブレード・アロー,1R,3分24秒,,,,11,14,○ミサ・ウィル・ジョー【14勝2敗】 / 🆚 / ●ブレード・アロー【1勝2敗】 / （1R3分24秒KO パウンド）,medium
note-n4523b9139a53,emperor-120,2,ミドル級,one_match,チャールス・ブランディン,タイプ・ジー,タイプ・ジー,チャールス・ブランディン,1R,1分45秒,アームバー,SUB,,16,19,●チャールス・ブランディン【3勝6敗】 / 🆚 / ○タイプ・ジー【2勝0敗】 / （1R1分45秒 アームバー）,high
note-n4523b9139a53,emperor-120,3,ミドル級,one_match,エス・ガリオン,ロン,エス・ガリオン,ロン,1R,3分12秒,アームバー,SUB,,21,24,○エス・ガリオン【2勝0敗】 / 🆚 / ●ロン【0勝1敗】 / （1R3分12秒 アームバー）,high
note-n4523b9139a53,emperor-120,4,ライト級,one_match,ステシエン・チェット,ループデビル,ステシエン・チェット,ループデビル,2R,3分00秒,,,,26,29,○ステシエン・チェット【5勝2敗】 / 🆚 / ●ループデビル【0勝1敗】 / （2R3分00秒KO ハイキック）,medium
note-n4b5b6cc0c6ec,max-bout-6-lightweight-tournament,1,ライト級,tournament_bout,ブルーワン,コルト・アプロー,コルト・アプロー,ブルーワン,2R,1分14秒,,,,11,14,●ブルーワン / 🆚 / ○コルト・アプロー / （2R1分14秒KO 左フック→パウンド）,medium
note-n5c9be1cc17a5,emperor-114,1,ミドル級,one_match,チャールス・ブランディン,さかえだ,さかえだ,チャールス・ブランディン,1R,0分13秒,,,,11,14,●チャールス・ブランディン【3勝5敗】 / 🆚 / ○さかえだ【19勝8敗】 / （1R0分13秒KO パンチ連打）,medium
note-n5c9be1cc17a5,emperor-114,2,ミドル級,one_match,ダートソン,ダイス・ヴォルケード,ダイス・ヴォルケード,ダートソン,1R,3分16秒,,,,16,19,●ダートソン【1勝3敗】 / 🆚 / ○ダイス・ヴォルケード【5勝2敗】 / （1R3分16秒KO 左フック）,medium
note-n5c9be1cc17a5,emperor-114,3,ライト級,one_match,さくらい,ゆめろう,さくらい,ゆめろう,1R,3分55秒,,,,21,24,○さくらい【9勝8敗】 / 🆚 / ●ゆめろう【5勝4敗】 / （1R3分55秒KO パウンド）,medium
note-n5c9be1cc17a5,emperor-114,4,ライト級,one_match,クレイエル・アビソカ,ステシエン・チェット,ステシエン・チェット,クレイエル・アビソカ,3R終了,,判定,DEC,,26,29,●クレイエル・アビソカ【1勝1敗】 / 🆚 / ○ステシエン・チェット【2勝0敗】 / （3R終了 判定3-0）,high
note-n5c9be1cc17a5,emperor-114,5,ミドル級,one_match,アトゥリうえはら,ヴァン・ブルックス,アトゥリうえはら,ヴァン・ブルックス,1R,2分39秒,アームバー,SUB,,31,34,○アトゥリうえはら【1勝1敗】 / 🆚 / ●ヴァン・ブルックス【0勝2敗】 / （1R2分39秒 アームバー）,high
note-n63690ded65ef,target-88,1,ライト級,one_match,かぶと,だいな,だいな,かぶと,,,,,,10,10,●かぶと🆚○だいな,medium
note-n63690ded65ef,target-88,2,ライト級,one_match,センサー・ファッジ,バイソンデビル,センサー・ファッジ,バイソンデビル,,,,,,13,13,○センサー・ファッジ🆚●バイソンデビル,medium
note-n63690ded65ef,target-88,3,ライト級,one_match,ハリス・オルビック,ワインセル,ワインセル,ハリス・オルビック,,,,,,16,16,●ハリス・オルビック🆚○ワインセル,medium
note-n672f34b0e481,mh-31,1,ミドル級,one_match,ゼット,クロノ・マリーケン,ゼット,クロノ・マリーケン,2R,3分18秒,,,,11,14,○ゼット【11勝5敗】 / 🆚 / ●クロノ・マリーケン【8勝7敗】 / （2R3分18秒KO パウンド）,medium
note-n672f34b0e481,mh-31,2,ライト級,one_match,イスカン・アステ,ダブド・ガブリシャン,ダブド・ガブリシャン,イスカン・アステ,3R終了,,判定,DEC,,16,19,●イスカン・アステ【2勝1敗】 / 🆚 / ○ダブド・ガブリシャン【3勝0敗】 / （3R終了 判定3-0）,high
note-n672f34b0e481,mh-31,3,ライト級,one_match,くわしお,ビクトル・ナッカー,くわしお,ビクトル・ナッカー,1R,4分11秒,,,,21,24,○くわしお【10勝6敗】 / 🆚 / ●ビクトル・ナッカー【1勝2敗】 / （1R4分11秒KO 左フック→パウンド）,medium
note-n672f34b0e481,mh-31,4,ライト級,one_match,ローリングjr,ジョン・バレー,ローリングjr,ジョン・バレー,1R,1分47秒,ギロチン,SUB,,26,29,○ローリングjr 【3勝2敗】 / 🆚 / ●ジョン・バレー【2勝4敗】 / （1R1分47秒 ギロチンチョーク）,high
note-n672f34b0e481,mh-31,5,ライト級,one_match,かわかみ,ヨルセン・バクダリア,ヨルセン・バクダリア,かわかみ,3R終了,,判定,DEC,,31,34,●かわかみ【0勝3敗】 / 🆚 / ○ヨルセン・バクダリア【1勝2敗】 / （3R終了 判定3-0）,high
note-n68c4a85d8fbb,max-bout-5-middleweight-tournament,1,ミドル級,tournament_bout,ミサ・ウィル・ジョー,ヘル・ラッサー,ミサ・ウィル・ジョー,ヘル・ラッサー,3R終了,,判定,DEC,,12,13,○ミサ・ウィル・ジョー🆚●ヘル・ラッサー,high
note-n68c4a85d8fbb,max-bout-5-middleweight-tournament,2,ミドル級,tournament_bout,ルージュド・スターリー,シガー・ユーナイム,ルージュド・スターリー,シガー・ユーナイム,1R,2分11秒,アームバー,SUB,,15,16,○ルージュド・スターリー🆚●シガー・ユーナイム,high
note-n68c4a85d8fbb,max-bout-5-middleweight-tournament,3,ミドル級,tournament_bout,おとさわ,ゼット,ゼット,おとさわ,3R,3分4秒,ＫＯ,KO,,18,19,●おとさわ🆚○ゼット,high
note-n68c4a85d8fbb,max-bout-5-middleweight-tournament,4,ミドル級,tournament_bout,チャールス・ブランディン,かべい,かべい,チャールス・ブランディン,1R,1分28秒,ＫＯ,KO,,21,22,●チャールス・ブランディン🆚○かべい,high
note-n6e32a2c78e47,max-bout-unknown-lightweight-event,1,ライト級,one_match,ブルーワン,イスカン・アステ,イスカン・アステ,ブルーワン,3R,1分57秒,,,,11,14,●ブルーワン【20勝6敗】 / 🆚 / ○イスカン・アステ【7勝2敗】 / （3R1分57秒KO 左フック→パウンド）,medium
note-n6e32a2c78e47,max-bout-unknown-lightweight-event,2,ライト級,one_match,ランダーデビル,わく,ランダーデビル,わく,,,,,,16,18,○ランダーデビル【30勝6敗】 / 🆚 / ●わく,medium
note-n6e32a2c78e47,max-bout-unknown-lightweight-event,3,ライト級,one_match,マルコ・フレイザー,ダブド・ガブリシャン,マルコ・フレイザー,ダブド・ガブリシャン,3R終了,,判定,DEC,,22,25,○マルコ・フレイザー【11勝3敗】 / 🆚 / ●ダブド・ガブリシャン【6勝3敗】 / （3R終了 判定2-1）,high
note-n6e32a2c78e47,max-bout-unknown-lightweight-event,4,ライト級,one_match,きたむら,さんごく,きたむら,さんごく,3R,0分10秒,,,,27,30,○きたむら【20勝6敗】 / 🆚 / ●さんごく【8勝4敗】 / （3R0分10秒KO 左フック→パウンド）,medium
note-n6e32a2c78e47,max-bout-unknown-lightweight-event,5,ライト級,one_match,コルト・アプロー,つくりはら,つくりはら,コルト・アプロー,1R,3分56秒,,,,32,35,●コルト・アプロー【21勝14敗】 / 🆚 / ○つくりはら【6勝2敗】 / （1R3分56秒KO パウンド）,medium
note-n6f1a34980c04,max-bout-7-lightweight-gp,1,ライト級,tournament_bout,つくりはら,ランダーデビル,ランダーデビル,つくりはら,2R,2分49秒,アームバー,SUB,,11,14,●つくりはら【5勝1敗】 / 🆚 / ◯ランダーデビル【28勝5敗】 / （2R2分49秒 アームバー）,high
note-n6f1a34980c04,max-bout-7-lightweight-gp,2,ライト級,tournament_bout,イスカン・アステ,マルコ・フレイザー,イスカン・アステ,マルコ・フレイザー,2R,2分43秒,,,,16,19,◯イスカン・アステ【6勝1敗】 / 🆚 / ●マルコ・フレイザー【9勝3敗】 / （2R2分43秒KO ボディへの膝蹴り）,medium
note-n6f402a63952c,target-91,1,ライト級,one_match,ストライン・カーン,アイス・トロン,アイス・トロン,ストライン・カーン,1R,3分35秒,,,,12,13,●ストライン・カーン🆚 ○アイス・トロン,medium
note-n6f402a63952c,target-91,2,ライト級,one_match,くわしお,ローリングjr,くわしお,ローリングjr,2R,2分05秒,ギロチン,SUB,,15,16,○くわしお🆚●ローリングjr,high
note-n6f402a63952c,target-91,3,ライト級,one_match,キマイラ,かわかみ,キマイラ,かわかみ,1R,2分39秒,,,,18,19,○キマイラ🆚●かわかみ,medium
note-n6f402a63952c,target-91,4,ライト級,one_match,きたむら,ワインセル,きたむら,ワインセル,1R,3分49秒,,,,22,23,○きたむら🆚●ワインセル,medium
note-n6f402a63952c,target-91,5,ライト級,title_match,マルコ・フレイザー,コルト・アプロー,マルコ・フレイザー,コルト・アプロー,,,判定,DEC,,26,27,○マルコ・フレイザー🆚●コルト・アプロー,high
note-n7162ed1dfdcf,mh-32,1,ライト級,one_match,アイス・トロン,ランダーデビル,ランダーデビル,アイス・トロン,3R終了,,判定,DEC,,11,14,●アイス・トロン【45勝14敗】 / 🆚 / ○ランダーデビル【26勝5敗】 / （3R終了 判定3-0）,high
note-n7162ed1dfdcf,mh-32,2,ライト級,one_match,さんごく,レオナルド・フォードバック,さんごく,レオナルド・フォードバック,1R,0分45秒,ＫＯ,KO,,16,19,○さんごく【7勝2敗】 / 🆚 / ●レオナルド・フォードバック【0勝1敗】 / （1R0分45秒ＫＯ 左フック→パウンド）,high
note-n7162ed1dfdcf,mh-32,3,ライト級,one_match,くわしお,バン・ベルソーザ,くわしお,バン・ベルソーザ,3R,3分05秒,ＫＯ,KO,,21,24,○くわしお【11勝6敗】 / 🆚 / ●バン・ベルソーザ 【0勝2敗】 / （3R3分05秒ＫＯ 左ストレート）,high
note-n7162ed1dfdcf,mh-32,4,ライト級,one_match,イスカン・アステ,ヨルセン・バクダリア,イスカン・アステ,ヨルセン・バクダリア,1R,1分48秒,ＫＯ,KO,,26,29,○イスカン・アステ【3勝1敗】 / 🆚 / ●ヨルセン・バクダリア【1勝3敗】 / （1R1分48秒ＫＯ グラウンドからの肘打ち連打）,high
note-n7162ed1dfdcf,mh-32,5,ライト級,one_match,キマイラ,バンドルフ・ガルブンタ,キマイラ,バンドルフ・ガルブンタ,2R,2分49秒,ＫＯ,KO,,31,34,○キマイラ【5勝4敗】 / 🆚 / ●バンドルフ・ガルブンタ【4勝6敗】 / （2R2分49秒ＫＯ 左アッパー→パウンド）,high
note-n729f0f7775b4,emperor-116,1,ミドル級,one_match,さかえだ,ダイス・ヴォルケード,さかえだ,ダイス・ヴォルケード,3R終了,,判定,DEC,,11,14,○さかえだ【20勝8敗】 / 🆚 / ●ダイス・ヴォルケード【5勝3敗】 / （3R終了判定3-0）,high
note-n729f0f7775b4,emperor-116,2,ライト級,one_match,マルコ・フレイザー,ブライン・ジャスター,マルコ・フレイザー,ブライン・ジャスター,1R,0分58秒,,,,16,19,○マルコ・フレイザー【7勝2敗】 / 🆚 / ●ブライン・ジャスター【0勝1敗】 / （1R0分58秒KO バックからのパウンド連打）,medium
note-n729f0f7775b4,emperor-116,3,ライト級,one_match,ステシエン・チェット,ワンシー・オーフェル,ステシエン・チェット,ワンシー・オーフェル,1R,4分08秒,RNC,SUB,,21,24,○ステシエン・チェット【4勝0敗】 / 🆚 / ●ワンシー・オーフェル【0勝1敗】 / （1R4分08秒 RNC）,high
note-n72c0ef38b7dc,max-bout-7-lightweight-gp,1,ライト級,tournament_bout,コルト・アプロー,ブルーワン,ブルーワン,コルト・アプロー,1R,2分42秒,,,,11,14,●コルト・アプロー【21勝13敗】 / 🆚 / ○ブルーワン【18勝5敗】 / （1R2分42秒KO ハイキック→パンチ）,medium
note-n72c0ef38b7dc,max-bout-7-lightweight-gp,2,ライト級,tournament_bout,ダブド・ガブリシャン,ローリングJr.,ダブド・ガブリシャン,ローリングJr.,1R,3分29秒,,,,16,19,○ダブド・ガブリシャン【6勝1敗】 / 🆚 / ●ローリングJr.【5勝3敗】 / （1R3分29秒KO パウンド連打）,medium
note-n74034f313f19,target-96,1,ミドル級,title_match,おとさわ,かべい,かべい,おとさわ,2R,3分19秒,,,,11,14,●おとさわ【21勝15敗】 / 🆚 / ○かべい【11勝4敗】 / （2R3分19秒KO サッカーボールキック→パウンド）,medium
note-n74034f313f19,target-96,2,ライト級,one_match,フラーム・グラン,きたむら,きたむら,フラーム・グラン,1R,1分54秒,,,,17,20,●フラーム・グラン【17勝11敗】 / 🆚 / ○きたむら【18勝5敗】 / （1R1分54秒KO 膝蹴り→パウンド）,medium
note-n74034f313f19,target-96,3,ライト級,one_match,だいな,つおし,だいな,つおし,1R,1分55秒,,,,22,25,○だいな【3勝2敗】 / 🆚 / ●つおし【1勝2敗】 / （1R1分55秒KO 左ハイキック）,medium
note-n7a8c70a7b86d,max-bout-7-lightweight-gp,1,ライト級,tournament_bout,ランダーデビル,ブルーワン,ブルーワン,ランダーデビル,2R,1分03秒,ＫＯ,KO,,10,13,●ランダーデビル【29勝6敗】 / 🆚 / ○ブルーワン【20勝5敗】 / （2R 1分03秒ＫＯ 左フック）,high
note-n7c5e9c9e8a5b,target-89,1,ライト級,title_match,フラーム・グラン,わく,わく,フラーム・グラン,3R終了,,判定,DEC,,10,11,●フラーム・グラン🆚○わく,high
note-n7c5e9c9e8a5b,target-89,2,ミドル級,one_match,ビル・ジャガー,ミハエル・ボタルニカ,ミハエル・ボタルニカ,ビル・ジャガー,1R終了,,,,,14,15,●ビル・ジャガー🆚○ミハエル・ボタルニカ,medium
note-n7c5e9c9e8a5b,target-89,3,ミドル級,one_match,シガー・ユーナイム,おとさわ,シガー・ユーナイム,おとさわ,2R,3分19秒,,,,17,18,○シガー・ユーナイム🆚●おとさわ,medium
note-n7c5e9c9e8a5b,target-89,4,ミドル級,one_match,アリベル・アリベラ,かべい,かべい,アリベル・アリベラ,1R,2分08秒,,,,20,21,●アリベル・アリベラ🆚○かべい,medium
note-n7c5e9c9e8a5b,target-89,5,ライト級,one_match,だいな,イベルト・キューミ,イベルト・キューミ,だいな,1R,3分17秒,,,,23,24,●だいな🆚○イベルト・キューミ,medium
note-n7c63ad4c39b2,max-bout-5-middleweight-tournament,1,ミドル級,tournament_bout,テール・ジャンク,らんちゃーすがや,テール・ジャンク,らんちゃーすがや,1R,0分38秒,ＫＯ,KO,,11,12,○テール・ジャンク🆚●らんちゃーすがや,high
note-n7c63ad4c39b2,max-bout-5-middleweight-tournament,2,ミドル級,tournament_bout,さかえだ,ミハエル・ボタルニカ,さかえだ,ミハエル・ボタルニカ,3R終了,,判定,DEC,,14,15,○さかえだ🆚●ミハエル・ボタルニカ,high
note-n7c63ad4c39b2,max-bout-5-middleweight-tournament,3,ミドル級,tournament_bout,トルー・パルドレス,ダイス・ヴォルケード,ダイス・ヴォルケード,トルー・パルドレス,2R,1分57秒,ＫＯ,KO,,17,18,●トルー・パルドレス🆚○ダイス・ヴォルケード,high
note-n7c63ad4c39b2,max-bout-5-middleweight-tournament,4,ミドル級,tournament_bout,クロノ・マリーケン,ギタミン・アーロン,クロノ・マリーケン,ギタミン・アーロン,2R,0分28秒,ＫＯ,KO,,20,21,○クロノ・マリーケン🆚●ギタミン・アーロン,high
note-n7fba6b39d4af,max-bout-7-lightweight-gp,1,ライト級,tournament_bout,ランダーデビル,キマイラ,ランダーデビル,キマイラ,1R,4分09秒,,,,11,14,○ランダーデビル【27勝5敗】 / 🆚 / ●キマイラ【6勝6敗】 / （1R4分09秒KO 肘打ち→パウンド）,medium
note-n7fba6b39d4af,max-bout-7-lightweight-gp,2,ライト級,tournament_bout,くわしお,ブルーワン,ブルーワン,くわしお,1R,2分00秒,,,,16,19,●くわしお【11勝7敗】 / 🆚 / ○ブルーワン【17勝5敗】 / （1R2分00秒KO 飛び膝蹴り→パウンド）,medium
note-n7fba6b39d4af,max-bout-7-lightweight-gp,3,ライト級,tournament_bout,つくりはら,ステシエン・チェット,つくりはら,ステシエン・チェット,3R終了,,判定,DEC,,21,24,○つくりはら【5勝0敗】 / 🆚 / ●ステシエン・チェット【4勝1敗】 / （3R終了 判定3-0）,high
note-n7fba6b39d4af,max-bout-7-lightweight-gp,4,ライト級,tournament_bout,コルト・アプロー,だいな,コルト・アプロー,だいな,1R,3分18秒,,,,26,29,○コルト・アプロー【21勝12敗】 / 🆚 / ●だいな【5勝3敗】 / （1R3分18秒KO パウンド）,medium
note-n89a58b4cf383,max-bout-7-lightweight-gp,1,ライト級,tournament_bout,イスカン・アステ,きたむら,イスカン・アステ,きたむら,3R,2分02秒,,,,11,14,○イスカン・アステ【5勝1敗】 / 🆚 / ●きたむら【18勝6敗】 / （3R2分02秒KO 左フック→パウンド）,medium
note-n89a58b4cf383,max-bout-7-lightweight-gp,2,ライト級,tournament_bout,マルコ・フレイザー,ワインセル,マルコ・フレイザー,ワインセル,2R,3分16秒,,,,16,19,○マルコ・フレイザー【9勝2敗】 / 🆚 / ●ワインセル【10勝8敗】 / （2R3分16秒KO パウンド）,medium
note-n89a58b4cf383,max-bout-7-lightweight-gp,3,ライト級,tournament_bout,わく,ローリングJr.,ローリングJr.,わく,1R,2分17秒,,,,21,24,●わく【9勝2敗】 / 🆚 / ○ローリングJr.【5勝2敗】 / （1R2分17秒KO 左ハイキック→パウンド）,medium
note-n89a58b4cf383,max-bout-7-lightweight-gp,4,ライト級,tournament_bout,さんごく,ダブド・ガブリシャン,ダブド・ガブリシャン,さんごく,3R,2分09秒,チョーク,SUB,,26,29,●さんごく【7勝3敗】 / 🆚 / ○ダブド・ガブリシャン【5勝1敗】 / （3R2分09秒 リアネイキッドチョーク）,high
note-n8a46f5d53a27,target-100,1,ミドル級,title_match,かべい,ギタミン・アーロン,ギタミン・アーロン,かべい,3R,2分32秒,タオル投入,TKO,,11,14,●かべい【12勝5敗】 / 🆚 / ○ギタミン・アーロン【13勝4敗】 / （3R2分32秒TKO パウンド タオル投入）,high
note-n8a46f5d53a27,target-100,2,ライト級,title_match,わく,つくりはら,わく,つくりはら,3R終了,,判定,DEC,,17,20,○わく【11勝2敗】 / 🆚 / ●つくりはら【5勝2敗】 / （3R終了判定2-1）,high
note-n8a46f5d53a27,target-100,3,ライト級,one_match,ワインセル,だいな,ワインセル,だいな,1R,1分20秒,,,,23,26,○ワインセル【11勝8敗】 / 🆚 / ●だいな【5勝4敗】 / （1R1分20秒KO 左フック）,medium
note-n8a46f5d53a27,target-100,4,ライト級,one_match,きたむら,つおし,きたむら,つおし,2R,2分15秒,,,,28,31,○きたむら【19勝6敗】 / 🆚 / ●つおし【2勝3敗】 / （2R2分15秒KO 踏みつけ→サッカーボールキック）,medium
note-n8a46f5d53a27,target-100,5,ライト級,one_match,フラーム・グラン,レーサー・ガルシア,レーサー・ガルシア,フラーム・グラン,1R,2分55秒,,,,33,36,●フラーム・グラン【18勝13敗】 / 🆚 / ○レーサー・ガルシア【3勝1敗】 / （1R2分55秒 腕ひしぎ十字固め）,medium
note-n8a46f5d53a27,target-100,6,ミドル級,one_match,サム・ラッシュ,ザモン,ザモン,サム・ラッシュ,1R,2分15秒,チョーク,SUB,,38,41,●サム・ラッシュ【1勝1敗】 / 🆚 / ○ザモン【1勝1敗】 / （1R2分15秒ニンジャチョーク）,high
note-n8d8ac134c062,max-bout-7-lightweight-gp,1,ライト級,tournament_bout,ランダーデビル,イスカン・アステ,ランダーデビル,イスカン・アステ,1R,4分45秒,チョーク,SUB,,10,13,○ランダーデビル【29勝5敗】 / 🆚 / ●イスカン・アステ【6勝2敗】 / （1R4分45秒 リアネイキッドチョーク）,high
note-n8d8ac134c062,max-bout-7-lightweight-gp,2,ライト級,tournament_bout,ブルーワン,ダブド・ガブリシャン,ブルーワン,ダブド・ガブリシャン,1R,2分21秒,ＫＯ,KO,,15,18,○ブルーワン【19勝5敗】 / 🆚 / ●ダブド・ガブリシャン【6勝2敗】 / （1R2分21秒ＫＯ アームバー→パウンド）,high
note-n91566d01688a,target-95,1,ミドル級,one_match,かべい,シガー・ユーナイム,かべい,シガー・ユーナイム,1R,1分43秒,ＫＯ,KO,,11,14,○かべい 【10勝4敗】 / 🆚 / ●シガー・ユーナイム【3勝2敗】 / （1R1分43秒ＫＯ 左フック）,high
note-n91566d01688a,target-95,2,ミドル級,one_match,おとさわ,ミハエル・ボタルニカ,おとさわ,ミハエル・ボタルニカ,3R終了,,判定,DEC,,16,19,○おとさわ【21勝14敗】 / 🆚 / ●ミハエル・ボタルニカ【4勝4敗】 / （3R終了 判定2-1）,high
note-n91566d01688a,target-95,3,ライト級,one_match,ワインセル,センサー・ファッジ,ワインセル,センサー・ファッジ,2R,2分44秒,ＫＯ,KO,,21,24,○ワインセル【9勝7敗】 / 🆚 / ●センサー・ファッジ【3勝3敗】 / （2R2分44秒ＫＯ サッカーボールキック）,high
note-n91566d01688a,target-95,4,ライト級,one_match,つくりはら,きょうない,つくりはら,きょうない,1R,1分53秒,,,,26,29,○つくりはら【3勝0敗】 / 🆚 / ●きょうない【1勝2敗】 / （1R1分53秒 腕ひしぎ十字固め）,medium
note-n91566d01688a,target-95,5,ライト級,one_match,エメラルド・バンキー,ろっこう,エメラルド・バンキー,ろっこう,1R,2分03秒,ＫＯ,KO,,31,34,○エメラルド・バンキー【1勝2敗】 / 🆚 / ●ろっこう【0勝3敗】 / （1R2分03秒ＫＯ 左フック→パウンド）,high
note-n92c7ab623e16,mh-27,1,ミドル級,one_match,テール・ジャンク,ライン・デュオ,テール・ジャンク,ライン・デュオ,1R,2分12秒,ネックロック,SUB,,10,11,○テール・ジャンク🆚●ライン・デュオ,high
note-n92c7ab623e16,mh-27,2,ミドル級,one_match,ギタミン・アーロン,ゼット,ギタミン・アーロン,ゼット,3R終了,,判定,DEC,,13,14,○ギタミン・アーロン🆚●ゼット,high
note-n92c7ab623e16,mh-27,3,ミドル級,one_match,トルー・パルドレス,クロノ・マリーケン,クロノ・マリーケン,トルー・パルドレス,1R,0分39秒,,,,16,17,●トルー・パルドレス🆚○クロノ・マリーケン,medium
note-n92c7ab623e16,mh-27,4,ミドル級,one_match,オーシューデーモン,らんちゃーすがや,らんちゃーすがや,オーシューデーモン,1R,2分55秒,アームロック,SUB,,19,20,●オーシューデーモン🆚○らんちゃーすがや,high
note-n92c7ab623e16,mh-27,5,ライト級,one_match,さんごく,ヨルセン・バクダリア,さんごく,ヨルセン・バクダリア,2R,0分53秒,,,,22,23,○さんごく 🆚●ヨルセン・バクダリア,medium
note-n930df063ece1,mh-29,1,ライト級,one_match,ローリングjr,かわかみ,ローリングjr,かわかみ,1R,1分23秒,ギロチン,SUB,,11,14,○ローリングjr 【1勝2敗】 / 🆚 / ●かわかみ【0勝2敗】 / （1R1分23秒 ギロチンチョーク）,high
note-n930df063ece1,mh-29,2,ライト級,one_match,ヨルセン・バクダリア,ダブド・ガブリシャン,ダブド・ガブリシャン,ヨルセン・バクダリア,1R,1分32秒,,,,16,19,●ヨルセン・バクダリア【0勝2敗】 / 🆚 / ○ダブド・ガブリシャン【1勝0敗】 / （1R1分32秒KO 右フック）,medium
note-n930df063ece1,mh-29,3,ライト級,one_match,ジョン・バレー,ムラト・クツワ,ムラト・クツワ,ジョン・バレー,1R,2分31秒,,,,21,24,●ジョン・バレー【2勝3敗】 / 🆚 / ○ムラト・クツワ【1勝0敗】 / （1R2分31秒TKO 左フック→パウンド®️）,medium
note-n930df063ece1,mh-29,4,ライト級,one_match,ビクトル・ナッカー,イスカン・アステ,イスカン・アステ,ビクトル・ナッカー,1R,3分21秒,,,,26,29,●ビクトル・ナッカー【1勝1敗】 / 🆚 / ○イスカン・アステ【1勝0敗】 / （1R3分21秒TKO パウンド®️）,medium
note-n930df063ece1,mh-29,5,ライト級,one_match,くわしお,さんごく,さんごく,くわしお,2R,3分38秒,,,,31,34,●くわしお【9勝6敗】 / 🆚 / ○さんごく【6勝1敗】 / （2R3分38秒KO 左ストレート）,medium
note-n9a513018f5eb,max-bout-6-lightweight-tournament,1,ライト級,tournament_bout,ランダーデビル,マルコ・フレイザー,ランダーデビル,マルコ・フレイザー,1R,3分8秒,チョーク,SUB,,11,12,○ランダーデビル🆚●マルコ・フレイザー,high
note-n9a513018f5eb,max-bout-6-lightweight-tournament,2,ライト級,tournament_bout,ブルーワン,アイス・トロン,ブルーワン,アイス・トロン,1R,3分24秒,,,,14,15,○ブルーワン🆚●アイス・トロン,medium
note-n9a513018f5eb,max-bout-6-lightweight-tournament,3,ライト級,tournament_bout,わく,ゆめろう,わく,ゆめろう,3R,2分50秒,,,,17,18,○わく🆚●ゆめろう,medium
note-n9a513018f5eb,max-bout-6-lightweight-tournament,4,ライト級,tournament_bout,コルト・アプロー,フラーム・グラン,コルト・アプロー,フラーム・グラン,1R,3分54秒,アームバー,SUB,,20,21,○コルト・アプロー🆚●フラーム・グラン,high
note-n9c40e3dc26df,target-98,1,ライト級,one_match,フラーム・グラン,だいな,だいな,フラーム・グラン,3R終了,,判定,DEC,,11,14,●フラーム・グラン【18勝12敗】 / 🆚 / ○だいな【5勝2敗】 / （3R終了 判定2-1）,high
note-n9c40e3dc26df,target-98,2,ライト級,one_match,ワインセル,きょうない,ワインセル,きょうない,2R,2分08秒,,,,16,19,○ワインセル【10勝7敗】 / 🆚 / ●きょうない【2勝3敗】 / （2R2分08秒KO パウンド）,medium
note-n9c40e3dc26df,target-98,3,ミドル級,one_match,おとさわ,ザモン,おとさわ,ザモン,1R,3分54秒,,,,21,24,○おとさわ【22勝15敗】 / 🆚 / ●ザモン【0勝1敗】 / （1R3分54秒 腕ひしぎ十字固め）,medium
note-n9c825ffb7bef,mh-37,1,ミドル級,one_match,らんちゃーすがや,ライン・デュオ,らんちゃーすがや,ライン・デュオ,3R,5分00秒,ギロチン,SUB,,11,14,○らんちゃーすがや【7勝2敗】 / 🆚 / ●ライン・デュオ【1勝3敗】 / （3R5分00秒 ギロチンチョーク）,high
note-n9c825ffb7bef,mh-37,2,ミドル級,one_match,クロノ・マリーケン,オーシューワイルド,オーシューワイルド,クロノ・マリーケン,3R,2分55秒,KO,KO,,16,19,●クロノ・マリーケン【9勝9敗】 / 🆚 / ○オーシューワイルド【2勝0敗】 / （3R2分55秒 KO 左アッパー→パウンド）,high
note-n9c825ffb7bef,mh-37,3,ミドル級,one_match,トワックデビル,ラドフ,ラドフ,トワックデビル,1R,2分22秒,,,,21,24,●トワックデビル【1勝3敗】 / 🆚 / ○ラドフ【2勝0敗】 / （1R2分22秒KO 左ボディ→パウンド）,medium
note-n9ffa2d8d29d4,max-bout-5-middleweight-tournament,1,ミドル級,tournament_bout,ミサ・ウィル・ジョー,さかえだ,ミサ・ウィル・ジョー,さかえだ,1R,2分56秒,,,,11,12,○ミサ・ウィル・ジョー🆚●さかえだ,medium
note-n9ffa2d8d29d4,max-bout-5-middleweight-tournament,2,ミドル級,tournament_bout,ゼット,テール・ジャンク,テール・ジャンク,ゼット,2R,0分53秒,,,,14,15,●ゼット🆚○テール・ジャンク,medium
note-na3a5e6156f2f,target-99,1,ライト級,one_match,わく,バイソンデビル,わく,バイソンデビル,1R,2分25秒,ＫＯ,KO,,11,14,○わく【10勝2敗】 / 🆚 / ●バイソンデビル【1勝2敗】 / （1R2分25秒ＫＯ 膝蹴り連打）,high
note-na3a5e6156f2f,target-99,2,ライト級,one_match,きょうない,レーサー・ガルシア,レーサー・ガルシア,きょうない,1R,2分52秒,RNC,SUB,,16,19,●きょうない【2勝4敗】 / 🆚 / ○レーサー・ガルシア【2勝1敗】 / （1R2分52秒 RNC）,high
note-na3a5e6156f2f,target-99,3,ライト級,one_match,つおし,エメラルド・バンキー,つおし,エメラルド・バンキー,1R,1分49秒,ＫＯ,KO,,21,24,○つおし【2勝2敗】 / 🆚 / ●エメラルド・バンキー【1勝4敗】 / （1R1分49秒ＫＯ 左アッパー→サッカーボールキック）,high
note-na7a62e09f61c,emperor-113,1,ミドル級,one_match,レイ・ガシーオ,ダートソン,ダートソン,レイ・ガシーオ,1R,1分43秒,,,,11,14,●レイ・ガシーオ【2勝3敗】 / 🆚 / ○ダートソン【1勝2敗】 / （1R1分43秒KO スタンドパンチ連打）,medium
note-na7a62e09f61c,emperor-113,2,ライト級,one_match,さくらい,クレイエル・アビソカ,クレイエル・アビソカ,さくらい,1R,2分16秒,,,,16,19,●さくらい【8勝8敗】 / 🆚 / ○クレイエル・アビソカ【1勝0敗】 / （1R2分16秒KO 飛び膝蹴り→パウンド）,medium
note-na7a62e09f61c,emperor-113,3,ライト級,one_match,ゆめろう,ステシエン・チェット,ステシエン・チェット,ゆめろう,1R,2分34秒,チョーク,SUB,,21,24,●ゆめろう【5勝3敗】 / 🆚 / ○ステシエン・チェット【1勝0敗】 / （1R2分34秒 ダースチョーク）,high
note-na7a62e09f61c,emperor-113,4,ライト級,one_match,ナパーム,パット・バミューダ,パット・バミューダ,ナパーム,2R,2分02秒,,,,26,29,●ナパーム【14勝12敗】 / 🆚 / ○パット・バミューダ【1勝1敗】 / （2R2分02秒KO 左ボディ→パウンド）,medium
note-na7a62e09f61c,emperor-113,5,ライト級,one_match,ブルーワン,コルト・アプロー,ブルーワン,コルト・アプロー,1R,2分33秒,,,,31,34,○ブルーワン【15勝5敗】 / 🆚 / ●コルト・アプロー【18勝12敗】 / （1R2分33秒KO 右フック→パウンド）,medium
note-nadf56e116c17,mh-36,1,ミドル級,one_match,ゼット,ヘル・ラッサー,ゼット,ヘル・ラッサー,3R,3分13秒,ＫＯ,KO,,11,14,○ゼット【12勝6敗】 / 🆚 / ●ヘル・ラッサー【0勝3敗】 / （3R3分13秒ＫＯ 左ハイキック）,high
note-nadf56e116c17,mh-36,2,ミドル級,one_match,トルー・パルドレス,オーシューワイルド,オーシューワイルド,トルー・パルドレス,1R,3分54秒,ＫＯ,KO,,16,19,●トルー・パルドレス【4勝5敗】 / 🆚 / ○オーシューワイルド【1勝0敗】 / （1R 3分54秒ＫＯ 左フック→パウンド）,high
note-nadf56e116c17,mh-36,3,ミドル級,one_match,シェーン・ロブソン,ラドフ,ラドフ,シェーン・ロブソン,1R,1分20秒,ＫＯ,KO,,21,24,●シェーン・ロブソン【0勝1敗】 / 🆚 / ○ラドフ【1勝0敗】 / （1R1分20秒ＫＯ 左フック）,high
note-nadf56e116c17,mh-36,4,ライト級,one_match,さんごく,キマイラ,さんごく,キマイラ,1R,3分20秒,ＫＯ,KO,,26,29,○さんごく【8勝3敗】 / 🆚 / ●キマイラ【6勝7敗】 / （1R3分20秒ＫＯ 右フック）,high
note-nbc890e143fa9,mh-35,1,ミドル級,one_match,らんちゃーすがや,あかそ,らんちゃーすがや,あかそ,1R,4分19秒,ＫＯ,KO,,11,14,○らんちゃーすがや【6勝1敗】 / 🆚 / ●あかそ【0勝1敗】 / （1R4分19秒ＫＯ 左フック）,high
note-nbc890e143fa9,mh-35,2,ミドル級,one_match,クロノ・マリーケン,おおわださーべる,クロノ・マリーケン,おおわださーべる,1R,2分26秒,ＫＯ,KO,,16,19,○クロノ・マリーケン【9勝8敗】 / 🆚 / ●おおわださーべる【0勝1敗】 / （1R2分26秒ＫＯ 左フック→パウンド）,high
note-nbc890e143fa9,mh-35,3,ライト級,one_match,ムラト・クツワ,かわかみ,ムラト・クツワ,かわかみ,3R終了,,判定,DEC,,21,24,○ムラト・クツワ【2勝2敗】 / 🆚 / ●かわかみ【0勝4敗】 / （3R終了 判定2-1）,high
note-nbc9d3618e052,target-102,1,ライト級,one_match,きたむら,つくりはら,つくりはら,きたむら,1R,1分59秒,,,,11,14,●きたむら【20勝7敗】 / 🆚 / ○つくりはら【7勝2敗】 / （1R1分59秒 ヒールホールド）,medium
note-nbc9d3618e052,target-102,2,ミドル級,one_match,サム・ラッシュ,わしかが,わしかが,サム・ラッシュ,1R,2分12秒,アームロック,SUB,,26,29,●サム・ラッシュ【1勝2敗】 / 🆚 / ○わしかが【1勝0敗】 / （1R2分12秒 V1アームロック）,high
note-nbc9d3618e052,target-102,3,ミドル級,one_match,かぜの,こだま,こだま,かぜの,1R,3分53秒,ギロチン,SUB,,31,34,●かぜの【0勝2敗】 / 🆚 / ○こだま【1勝0敗】 / （1R3分53秒 ギロチンチョーク）,high
note-nc257025df66a,mh-40,1,ミドル級,one_match,タイプ・ジー,ヘル・ラッサー,タイプ・ジー,ヘル・ラッサー,1R,1分35秒,,,,11,14,○タイプ・ジー【3勝0敗】 / 🆚 / ●ヘル・ラッサー【1勝4敗】 / （1R1分35秒KO パウンド連打）,medium
note-nc257025df66a,mh-40,2,ミドル級,one_match,オーシューワイルド,ぱいそんはやし,オーシューワイルド,ぱいそんはやし,3R,1分10秒,,,,16,19,○オーシューワイルド【3勝1敗】 / 🆚 / ●ぱいそんはやし【1勝2敗】 / （3R1分10秒KO 左フック→パウンド）,medium
note-nc257025df66a,mh-40,3,ミドル級,one_match,ライン・デュオ,ジャニマード・トスパチ,ライン・デュオ,ジャニマード・トスパチ,1R,1分16秒,,,,21,24,○ライン・デュオ【3勝3敗】 / 🆚 / ●ジャニマード・トスパチ【1勝1敗】 / （1R1分16秒KO 三日月蹴り）,medium
note-nc257025df66a,mh-40,4,ミドル級,one_match,ローリングJr.,トワックデビル,トワックデビル,ローリングJr.,2R,1分42秒,チョーク,SUB,,26,29,●ローリングJr.【5勝5敗】 / 🆚 / ○トワックデビル【2勝3敗】 / （2R1分42秒 トライアングルチョーク）,high
note-nced343dbb736,emperor-118,1,ライト級,one_match,マルコ・フレイザー,ステシエン・チェット,マルコ・フレイザー,ステシエン・チェット,3R終了,,判定,DEC,,11,14,○マルコ・フレイザー【10勝3敗】 / 🆚 / ●ステシエン・チェット【4勝2敗】 / （3R終了 判定3-0）,high
note-nced343dbb736,emperor-118,2,ミドル級,one_match,さかえだ,ガネルソン・シャル・ワー,ガネルソン・シャル・ワー,さかえだ,1R,1分11秒,ＫＯ,KO,,16,19,●さかえだ【20勝10敗】 / 🆚 / ○ガネルソン・シャル・ワー【1勝0敗】 / （1R1分11秒ＫＯ 左ストレート→パウンド）,high
note-nced343dbb736,emperor-118,3,ミドル級,one_match,ルージュド・スターリー,アマルド・ビュエーラ,ルージュド・スターリー,アマルド・ビュエーラ,3R,1分10秒,アームバー,SUB,,21,24,○ルージュド・スターリー【12勝3敗】 / 🆚 / ●アマルド・ビュエーラ【0勝2敗】 / （3R1分10秒 アームバー）,high
note-nd7936059d9ed,max-bout-5-middleweight-tournament,1,ミドル級,tournament_bout,クロノ・マリーケン,さかえだ,さかえだ,クロノ・マリーケン,1R,2分14秒,チョーク,SUB,,11,12,●クロノ・マリーケン🆚○さかえだ,high
note-nd7936059d9ed,max-bout-5-middleweight-tournament,2,ミドル級,tournament_bout,ミサ・ウィル・ジョー,ダイス・ヴォルケード（3R3分48秒 ノースサウスチョーク）,ミサ・ウィル・ジョー,ダイス・ヴォルケード（3R3分48秒 ノースサウスチョーク）,,,,,,14,14,○ミサ・ウィル・ジョー🆚●ダイス・ヴォルケード（3R3分48秒 ノースサウスチョーク）,medium
note-nd7936059d9ed,max-bout-5-middleweight-tournament,3,ミドル級,tournament_bout,ルージュド・スターリー,テール・ジャンク,テール・ジャンク,ルージュド・スターリー,2R,3分12秒,,,,16,17,●ルージュド・スターリー🆚○テール・ジャンク,medium
note-nd7936059d9ed,max-bout-5-middleweight-tournament,4,ミドル級,tournament_bout,ゼット,かべい,ゼット,かべい,3R終了,,判定,DEC,,19,20,○ゼット🆚●かべい,high
note-ndecd8772f601,max-bout-6-lightweight-tournament,1,ライト級,tournament_bout,ランダーデビル,ブルーワン,ブルーワン,ランダーデビル,3R終了,,判定,DEC,,11,14,●ランダーデビル / 🆚 / ○ブルーワン / （3R終了判定2-1）,high
note-ndecd8772f601,max-bout-6-lightweight-tournament,2,ライト級,tournament_bout,わく,コルト・アプロー,コルト・アプロー,わく,1R,1分57秒,,,,16,19,●わく / 🆚 / ○コルト・アプロー / （1R1分57秒KO 右フック）,medium
note-nf5c664e46dfb,max-bout-5-middleweight-tournament,1,ミドル級,tournament_bout,ミサ・ウィル・ジョー,テール・ジャンク,テール・ジャンク,ミサ・ウィル・ジョー,1R,3分47秒,,,,11,12,●ミサ・ウィル・ジョー🆚○テール・ジャンク,medium
note-nff26f83e58f5,mh-39,1,ミドル級,one_match,クロノ・マリーケン,ライン・デュオ,ライン・デュオ,クロノ・マリーケン,1R,1分02秒,,,,11,14,●クロノ・マリーケン【9勝10敗】 / 🆚 / ○ライン・デュオ【2勝3敗】 / （1R1分02秒KO 左ストレート→パウンド）,medium
note-nff26f83e58f5,mh-39,2,ミドル級,one_match,トルー・パルドレス,ヘル・ラッサー,ヘル・ラッサー,トルー・パルドレス,3R,4分28秒,,,,16,19,●トルー・パルドレス【4勝6敗】 / 🆚 / ○ヘル・ラッサー【1勝3敗】 / （3R4分28秒KO 左フック→パウンド）,medium
note-nff26f83e58f5,mh-39,3,ミドル級,one_match,ぱいそんはやし,ジャニマード・トスパチ,ジャニマード・トスパチ,ぱいそんはやし,2R,1分05秒,,,,21,24,●ぱいそんはやし【1勝1敗】 / 🆚 / ○ジャニマード・トスパチ【1勝0敗】 / （2R1分05秒KO 左フック→パウンド）,medium
note-target-103-result,target-103,1,ライト級,title_match,わく,つくりはら,わく,つくりはら,2R,2分16秒,,,,11,14,○わく【12勝3敗】 / 🆚 / ●つくりはら【7勝3敗】 / （2R2分16秒KO カウンターフック）,medium
note-target-103-result,target-103,2,ミドル級,one_match,おとさわ,オーロラデビル,オーロラデビル,おとさわ,3R,2分32秒,チョーク,SUB,,17,20,●おとさわ【23勝17敗】 / 🆚 / ○オーロラデビル【3勝0敗】 / （3R2分32秒 アナコンダチョーク）,high
note-target-103-result,target-103,3,ミドル級,one_match,きんとき,ザモン,ザモン,きんとき,1R,3分06秒,,,,22,25,●きんとき【8勝11敗】 / 🆚 / ○ザモン【3勝2敗】 / （1R3分06秒KO マウントパンチ連打）,medium
note-target-103-result,target-103,4,ミドル級,one_match,かべい,フランク・ダクタ,かべい,フランク・ダクタ,2R,3分09秒,,,,27,30,○かべい【14勝5敗】 / 🆚 / ●フランク・ダクタ【0勝1敗】 / （2R3分09秒KO パウンド）,medium
note-target-103-result,target-103,5,ミドル級,one_match,アリベル・アリベラ,わしかが,わしかが,アリベル・アリベラ,1R,1分37秒,,,,32,35,●アリベル・アリベラ【1勝3敗】 / 🆚 / ○わしかが【2勝0敗】 / （1R1分37秒KO 大外刈り）,medium
