candidate_id,mention_id,source_id,source_type,source_ref_id,line_number,matched_text,context,event_hint,matchup_hint,winner_hint,loser_hint,method_hint,method_raw_hint,round_hint,time_hint,confidence,notes
source-result-0001,note:note-emperor-line-00021,note:note-emperor,note_article,note-emperor,21,２代目 むらき（ターゲットライト級王座統一）,２代目 むらき（ターゲットライト級王座統一）,,,,,,,,,low,Review-only candidate from source_mentions; do not treat as confirmed result.
source-result-0002,note:note-n001f39a5fefb-line-00014,note:note-n001f39a5fefb,note_article,note-n001f39a5fefb,14,（2R3分46秒KO 左フック→右ジャブ→パウンド）,（2R3分46秒KO 左フック→右ジャブ→パウンド）,マウンテン・ヒーローズNo.33,,,,KO,KO,2R,3分46秒,medium,Review-only candidate from source_mentions; do not treat as confirmed result.
source-result-0003,note:note-n001f39a5fefb-line-00024,note:note-n001f39a5fefb,note_article,note-n001f39a5fefb,24,（1R2分23秒KO 左フック）,（1R2分23秒KO 左フック）,,,,,KO,KO,1R,2分23秒,medium,Review-only candidate from source_mentions; do not treat as confirmed result.
source-result-0004,note:note-n046653bda67a-line-00010,note:note-n046653bda67a,note_article,note-n046653bda67a,10,☆ライト級ワンマッチ（ノンタイトル）,☆ライト級ワンマッチ（ノンタイトル）,マウンテン・ヒーローズNo.32,マウンテン・ヒーローズNo.32,,,,,,,low,Review-only candidate from source_mentions; do not treat as confirmed result.
source-result-0005,note:note-n05a3b7b38805-line-00010,note:note-n05a3b7b38805,note_article,note-n05a3b7b38805,10,☆ライト級タイトルマッチ,☆ライト級タイトルマッチ,ターゲットNo.93,,,,,,,,low,Review-only candidate from source_mentions; do not treat as confirmed result.
source-result-0006,note:note-n05a3b7b38805-line-00014,note:note-n05a3b7b38805,note_article,note-n05a3b7b38805,14,（1R1分51秒KO 膝蹴り→パウンド）,（1R1分51秒KO 膝蹴り→パウンド）,ターゲットNo.93,,,,KO,KO,1R,1分51秒,medium,Review-only candidate from source_mentions; do not treat as confirmed result.
source-result-0007,note:note-n05a3b7b38805-line-00015,note:note-n05a3b7b38805,note_article,note-n05a3b7b38805,15,＊防衛数,＊防衛数,ターゲットNo.93,,,,,,,,low,Review-only candidate from source_mentions; do not treat as confirmed result.
source-result-0008,note:note-n05a3b7b38805-line-00020,note:note-n05a3b7b38805,note_article,note-n05a3b7b38805,20,（1R1分３２秒 RNC）,（1R1分３２秒 RNC）,,,,,SUB,RNC,1R,1分32秒,medium,Review-only candidate from source_mentions; do not treat as confirmed result.
source-result-0009,note:note-n05a3b7b38805-line-00025,note:note-n05a3b7b38805,note_article,note-n05a3b7b38805,25,（3R終了判定2-1）,（3R終了判定2-1）,,,,,DEC,判定,3R,,medium,Review-only candidate from source_mentions; do not treat as confirmed result.
source-result-0010,note:note-n05a3b7b38805-line-00030,note:note-n05a3b7b38805,note_article,note-n05a3b7b38805,30,（1R1分50秒KO 左アッパー）,（1R1分50秒KO 左アッパー）,,,,,KO,KO,1R,1分50秒,medium,Review-only candidate from source_mentions; do not treat as confirmed result.
source-result-0011,note:note-n05a3b7b38805-line-00035,note:note-n05a3b7b38805,note_article,note-n05a3b7b38805,35,（2R2分15秒KO 三日月蹴り→パウンド）,（2R2分15秒KO 三日月蹴り→パウンド）,,,,,KO,KO,2R,2分15秒,medium,Review-only candidate from source_mentions; do not treat as confirmed result.
source-result-0012,note:note-n05a3b7b38805-line-00040,note:note-n05a3b7b38805,note_article,note-n05a3b7b38805,40,（1R1分28秒KO 左ストレート）,（1R1分28秒KO 左ストレート）,,,,,KO,KO,1R,1分28秒,medium,Review-only candidate from source_mentions; do not treat as confirmed result.
source-result-0013,note:note-n140f32db6ddd-line-00010,note:note-n140f32db6ddd,note_article,note-n140f32db6ddd,10,☆ライト級タイトルマッチ,☆ライト級タイトルマッチ,,マウンテン・ヒーローズNo.30,,,,,,,low,Review-only candidate from source_mentions; do not treat as confirmed result.
source-result-0014,note:note-n15885dea4393-line-00010,note:note-n15885dea4393,note_article,note-n15885dea4393,10,☆ターゲットミドル級タイトルマッチ,☆ターゲットミドル級タイトルマッチ,ターゲットNo.101,,,,,,,,low,Review-only candidate from source_mentions; do not treat as confirmed result.
source-result-0015,note:note-n15885dea4393-line-00014,note:note-n15885dea4393,note_article,note-n15885dea4393,14,（1R3分35秒KO 左アッパー→パウンド）,（1R3分35秒KO 左アッパー→パウンド）,ターゲットNo.101,,,,KO,KO,1R,3分35秒,medium,Review-only candidate from source_mentions; do not treat as confirmed result.
source-result-0016,note:note-n15885dea4393-line-00015,note:note-n15885dea4393,note_article,note-n15885dea4393,15,ギタミン・アーロン防衛［1］,ギタミン・アーロン防衛［1］,ターゲットNo.101,,,,,,,,low,Review-only candidate from source_mentions; do not treat as confirmed result.
source-result-0017,note:note-n15885dea4393-line-00020,note:note-n15885dea4393,note_article,note-n15885dea4393,20,（2R3分29秒KO 飛び込みパンチ→パウンド）,（2R3分29秒KO 飛び込みパンチ→パウンド）,,,,,KO,KO,2R,3分29秒,medium,Review-only candidate from source_mentions; do not treat as confirmed result.
source-result-0018,note:note-n15885dea4393-line-00030,note:note-n15885dea4393,note_article,note-n15885dea4393,30,（3R2分11秒KO パウンド）,（3R2分11秒KO パウンド）,,,,,KO,KO,3R,2分11秒,medium,Review-only candidate from source_mentions; do not treat as confirmed result.
source-result-0019,note:note-n168697057b95-line-00014,note:note-n168697057b95,note_article,note-n168697057b95,14,（3R終了 判定3-0）,（3R終了 判定3-0）,MAXバウト,,,,DEC,判定,3R,,medium,Review-only candidate from source_mentions; do not treat as confirmed result.
source-result-0020,note:note-n168697057b95-line-00019,note:note-n168697057b95,note_article,note-n168697057b95,19,（3R終了 判定3-0）,（3R終了 判定3-0）,,,,,DEC,判定,3R,,medium,Review-only candidate from source_mentions; do not treat as confirmed result.
source-result-0021,note:note-n168697057b95-line-00029,note:note-n168697057b95,note_article,note-n168697057b95,29,（3R3分05秒 RNC）,（3R3分05秒 RNC）,,,,,SUB,RNC,3R,3分05秒,medium,Review-only candidate from source_mentions; do not treat as confirmed result.
source-result-0022,note:note-n16df678bd0b6-line-00014,note:note-n16df678bd0b6,note_article,note-n16df678bd0b6,14,（1R3分25秒KO 左アッパー→パウンド）,（1R3分25秒KO 左アッパー→パウンド）,マウンテン・ヒーローズNo.34,,,,KO,KO,1R,3分25秒,medium,Review-only candidate from source_mentions; do not treat as confirmed result.
source-result-0023,note:note-n16df678bd0b6-line-00019,note:note-n16df678bd0b6,note_article,note-n16df678bd0b6,19,（3R終了 判定2-1）,（3R終了 判定2-1）,,,,,DEC,判定,3R,,medium,Review-only candidate from source_mentions; do not treat as confirmed result.
source-result-0024,note:note-n16df678bd0b6-line-00024,note:note-n16df678bd0b6,note_article,note-n16df678bd0b6,24,（1R0分13秒KO 左ストレート）,（1R0分13秒KO 左ストレート）,,,,,KO,KO,1R,0分13秒,medium,Review-only candidate from source_mentions; do not treat as confirmed result.
source-result-0025,note:note-n1dad6c53911a-line-00013,note:note-n1dad6c53911a,note_article,note-n1dad6c53911a,13,（1R2分54秒一本 腕ひしぎ十字固め）,（1R2分54秒一本 腕ひしぎ十字固め）,ターゲットNo.90,,,,SUB,一本,1R,2分54秒,medium,Review-only candidate from source_mentions; do not treat as confirmed result.
source-result-0026,note:note-n1dad6c53911a-line-00016,note:note-n1dad6c53911a,note_article,note-n1dad6c53911a,16,（1R1分59秒KO パウンド®️）,（1R1分59秒KO パウンド®️）,ターゲットNo.90,,,,KO,KO,1R,1分59秒,medium,Review-only candidate from source_mentions; do not treat as confirmed result.
source-result-0027,note:note-n1dad6c53911a-line-00019,note:note-n1dad6c53911a,note_article,note-n1dad6c53911a,19,（1R1分45秒TKO タップアウト 肘脱臼）,（1R1分45秒TKO タップアウト 肘脱臼）,,,,,TKO,TKO,1R,1分45秒,medium,Review-only candidate from source_mentions; do not treat as confirmed result.
source-result-0028,note:note-n1dad6c53911a-line-00022,note:note-n1dad6c53911a,note_article,note-n1dad6c53911a,22,（1R1分50秒KO 左ボディブロー）,（1R1分50秒KO 左ボディブロー）,,,,,KO,KO,1R,1分50秒,medium,Review-only candidate from source_mentions; do not treat as confirmed result.
source-result-0029,note:note-n25252920d028-line-00010,note:note-n25252920d028,note_article,note-n25252920d028,10,☆エンペラーライト級タイトルマッチ,☆エンペラーライト級タイトルマッチ,エンペラーNo.115,,,,,,,,low,Review-only candidate from source_mentions; do not treat as confirmed result.
source-result-0030,note:note-n25252920d028-line-00014,note:note-n25252920d028,note_article,note-n25252920d028,14,（3R2分40秒KO 左ハイキック）,（3R2分40秒KO 左ハイキック）,エンペラーNo.115,,,,KO,KO,3R,2分40秒,medium,Review-only candidate from source_mentions; do not treat as confirmed result.
source-result-0031,note:note-n25252920d028-line-00035,note:note-n25252920d028,note_article,note-n25252920d028,35,（1R3分42秒KO パンチ連打）,（1R3分42秒KO パンチ連打）,,,,,KO,KO,1R,3分42秒,medium,Review-only candidate from source_mentions; do not treat as confirmed result.
source-result-0032,note:note-n2a15808854f2-line-00014,note:note-n2a15808854f2,note_article,note-n2a15808854f2,14,（1R終了時TKO コーナーストップ）,（1R終了時TKO コーナーストップ）,エンペラーNo.119,,,,TKO,TKO,1R,,medium,Review-only candidate from source_mentions; do not treat as confirmed result.
source-result-0033,note:note-n2a15808854f2-line-00019,note:note-n2a15808854f2,note_article,note-n2a15808854f2,19,（1R2分09秒KO 左フック）,（1R2分09秒KO 左フック）,,,,,KO,KO,1R,2分09秒,medium,Review-only candidate from source_mentions; do not treat as confirmed result.
source-result-0034,note:note-n2a15808854f2-line-00029,note:note-n2a15808854f2,note_article,note-n2a15808854f2,29,（1R2分24秒 RNC）,（1R2分24秒 RNC）,,,,,SUB,RNC,1R,2分24秒,medium,Review-only candidate from source_mentions; do not treat as confirmed result.
source-result-0035,note:note-n2b1afe4a5489-line-00010,note:note-n2b1afe4a5489,note_article,note-n2b1afe4a5489,10,☆ライト級タイトルマッチ,☆ライト級タイトルマッチ,,ターゲットNo.93,,,,,,,low,Review-only candidate from source_mentions; do not treat as confirmed result.
source-result-0036,note:note-n2c83076aedb9-line-00012,note:note-n2c83076aedb9,note_article,note-n2c83076aedb9,12,⑥メジャー戦績⑦主戦団体⑧タイトル,⑥メジャー戦績⑦主戦団体⑧タイトル,MAXバウト,MAXバウト,,,,,,,low,Review-only candidate from source_mentions; do not treat as confirmed result.
source-result-0037,note:note-n2ecf288742b3-line-00017,note:note-n2ecf288742b3,note_article,note-n2ecf288742b3,17,（1R1分22秒KO 右フック）,（1R1分22秒KO 右フック）,,,,,KO,KO,1R,1分22秒,medium,Review-only candidate from source_mentions; do not treat as confirmed result.
source-result-0038,note:note-n2ecf288742b3-line-00020,note:note-n2ecf288742b3,note_article,note-n2ecf288742b3,20,（3R3分06秒TKO タオル投入）,（3R3分06秒TKO タオル投入）,,,,,TKO,TKO,3R,3分06秒,medium,Review-only candidate from source_mentions; do not treat as confirmed result.
source-result-0039,note:note-n2ecf288742b3-line-00023,note:note-n2ecf288742b3,note_article,note-n2ecf288742b3,23,（1R2分10秒TKO パウンド®️）,（1R2分10秒TKO パウンド®️）,,,,,TKO,TKO,1R,2分10秒,medium,Review-only candidate from source_mentions; do not treat as confirmed result.
source-result-0040,note:note-n32f248989390-line-00015,note:note-n32f248989390,note_article,note-n32f248989390,15,3R終了 判定2-1,3R終了 判定2-1,MAXバウト,,,,DEC,判定,3R,,medium,Review-only candidate from source_mentions; do not treat as confirmed result.
source-result-0041,note:note-n32f248989390-line-00021,note:note-n32f248989390,note_article,note-n32f248989390,21,1R終了 TKO タオル投入によるコーナーストップ,1R終了 TKO タオル投入によるコーナーストップ,,,,,TKO,TKO,1R,,medium,Review-only candidate from source_mentions; do not treat as confirmed result.
source-result-0042,note:note-n382366e8d3d8-line-00014,note:note-n382366e8d3d8,note_article,note-n382366e8d3d8,14,（1R2分36秒KO パウンド）,（1R2分36秒KO パウンド）,ターゲットNo.94,,,,KO,KO,1R,2分36秒,medium,Review-only candidate from source_mentions; do not treat as confirmed result.
source-result-0043,note:note-n382366e8d3d8-line-00019,note:note-n382366e8d3d8,note_article,note-n382366e8d3d8,19,（1R1分24秒KO 左フック）,（1R1分24秒KO 左フック）,,,,,KO,KO,1R,1分24秒,medium,Review-only candidate from source_mentions; do not treat as confirmed result.
source-result-0044,note:note-n382366e8d3d8-line-00024,note:note-n382366e8d3d8,note_article,note-n382366e8d3d8,24,（1R1分16秒KO 左フック→膝蹴り→パウンド）,（1R1分16秒KO 左フック→膝蹴り→パウンド）,,,,,KO,KO,1R,1分16秒,medium,Review-only candidate from source_mentions; do not treat as confirmed result.
source-result-0045,note:note-n3b4b0b6ed3c8-line-00010,note:note-n3b4b0b6ed3c8,note_article,note-n3b4b0b6ed3c8,10,☆ライト級タイトルマッチ,☆ライト級タイトルマッチ,マウンテン・ヒーローズNo.30,,,,,,,,low,Review-only candidate from source_mentions; do not treat as confirmed result.
source-result-0046,note:note-n3b4b0b6ed3c8-line-00011,note:note-n3b4b0b6ed3c8,note_article,note-n3b4b0b6ed3c8,11,○ランダーデビル【25勝5敗】防衛②,○ランダーデビル【25勝5敗】防衛②,マウンテン・ヒーローズNo.30,,,,,,,,low,Review-only candidate from source_mentions; do not treat as confirmed result.
source-result-0047,note:note-n3b4b0b6ed3c8-line-00019,note:note-n3b4b0b6ed3c8,note_article,note-n3b4b0b6ed3c8,19,（1R2分05秒KO 膝蹴り）,（1R2分05秒KO 膝蹴り）,,,,,KO,KO,1R,2分05秒,medium,Review-only candidate from source_mentions; do not treat as confirmed result.
source-result-0048,note:note-n3b4b0b6ed3c8-line-00024,note:note-n3b4b0b6ed3c8,note_article,note-n3b4b0b6ed3c8,24,（1R1分53秒TKO パウンド→タオル投入）,（1R1分53秒TKO パウンド→タオル投入）,,,,,TKO,TKO,1R,1分53秒,medium,Review-only candidate from source_mentions; do not treat as confirmed result.
source-result-0049,note:note-n3b4b0b6ed3c8-line-00029,note:note-n3b4b0b6ed3c8,note_article,note-n3b4b0b6ed3c8,29,（1R1分47秒KO 左ストレート）,（1R1分47秒KO 左ストレート）,,,,,KO,KO,1R,1分47秒,medium,Review-only candidate from source_mentions; do not treat as confirmed result.
source-result-0050,note:note-n3b4b0b6ed3c8-line-00034,note:note-n3b4b0b6ed3c8,note_article,note-n3b4b0b6ed3c8,34,（3R終了判定 2-1）,（3R終了判定 2-1）,,,,,DEC,判定,3R,,medium,Review-only candidate from source_mentions; do not treat as confirmed result.
source-result-0051,note:note-n3ff7523758ca-line-00014,note:note-n3ff7523758ca,note_article,note-n3ff7523758ca,14,（2R1分52秒KO 左フック→パウンド）,（2R1分52秒KO 左フック→パウンド）,,,,,KO,KO,2R,1分52秒,medium,Review-only candidate from source_mentions; do not treat as confirmed result.
source-result-0052,note:note-n3ffa4b05eb45-line-00014,note:note-n3ffa4b05eb45,note_article,note-n3ffa4b05eb45,14,（1R3分05秒KO ミドルキック）,（1R3分05秒KO ミドルキック）,ターゲットNo.97,,,,KO,KO,1R,3分05秒,medium,Review-only candidate from source_mentions; do not treat as confirmed result.
source-result-0053,note:note-n3ffa4b05eb45-line-00034,note:note-n3ffa4b05eb45,note_article,note-n3ffa4b05eb45,34,（1R2分59秒KO 左フック）,（1R2分59秒KO 左フック）,,,,,KO,KO,1R,2分59秒,medium,Review-only candidate from source_mentions; do not treat as confirmed result.
source-result-0054,note:note-n40043569e548-line-00010,note:note-n40043569e548,note_article,note-n40043569e548,10,☆M・Hミドル級タイトルマッチ,☆M・Hミドル級タイトルマッチ,,マウンテン・ヒーローズNo.38,,,,,,,low,Review-only candidate from source_mentions; do not treat as confirmed result.
source-result-0055,note:note-n41003b8328ca-line-00014,note:note-n41003b8328ca,note_article,note-n41003b8328ca,14,⑨タイトル⑩戦いたい相手,⑨タイトル⑩戦いたい相手,MAXバウト,,,,,,,,low,Review-only candidate from source_mentions; do not treat as confirmed result.
source-result-0056,note:note-n4523b9139a53-line-00014,note:note-n4523b9139a53,note_article,note-n4523b9139a53,14,（1R3分24秒KO パウンド）,（1R3分24秒KO パウンド）,エンペラーNo.120,,,,KO,KO,1R,3分24秒,medium,Review-only candidate from source_mentions; do not treat as confirmed result.
source-result-0057,note:note-n4523b9139a53-line-00029,note:note-n4523b9139a53,note_article,note-n4523b9139a53,29,（2R3分00秒KO ハイキック）,（2R3分00秒KO ハイキック）,,,,,KO,KO,2R,3分00秒,medium,Review-only candidate from source_mentions; do not treat as confirmed result.
source-result-0058,note:note-n48b479857848-line-00052,note:note-n48b479857848,note_article,note-n48b479857848,52,⑨タイトル,⑨タイトル,,,,,,,,,low,Review-only candidate from source_mentions; do not treat as confirmed result.
source-result-0059,note:note-n4b5b6cc0c6ec-line-00014,note:note-n4b5b6cc0c6ec,note_article,note-n4b5b6cc0c6ec,14,（2R1分14秒KO 左フック→パウンド）,（2R1分14秒KO 左フック→パウンド）,MAXバウト,,,,KO,KO,2R,1分14秒,medium,Review-only candidate from source_mentions; do not treat as confirmed result.
source-result-0060,note:note-n584a22756e35-line-00012,note:note-n584a22756e35,note_article,note-n584a22756e35,12,⑥メジャー戦績⑦主戦団体⑧白グローブ出場回数⑨タイトル⑩戦いたい相手,⑥メジャー戦績⑦主戦団体⑧白グローブ出場回数⑨タイトル⑩戦いたい相手,MAXバウト,MAXバウト,,,,,,,low,Review-only candidate from source_mentions; do not treat as confirmed result.
source-result-0061,note:note-n5c9be1cc17a5-line-00014,note:note-n5c9be1cc17a5,note_article,note-n5c9be1cc17a5,14,（1R0分13秒KO パンチ連打）,（1R0分13秒KO パンチ連打）,エンペラーNo.114,,,,KO,KO,1R,0分13秒,medium,Review-only candidate from source_mentions; do not treat as confirmed result.
source-result-0062,note:note-n5c9be1cc17a5-line-00019,note:note-n5c9be1cc17a5,note_article,note-n5c9be1cc17a5,19,（1R3分16秒KO 左フック）,（1R3分16秒KO 左フック）,,,,,KO,KO,1R,3分16秒,medium,Review-only candidate from source_mentions; do not treat as confirmed result.
source-result-0063,note:note-n5c9be1cc17a5-line-00024,note:note-n5c9be1cc17a5,note_article,note-n5c9be1cc17a5,24,（1R3分55秒KO パウンド）,（1R3分55秒KO パウンド）,,,,,KO,KO,1R,3分55秒,medium,Review-only candidate from source_mentions; do not treat as confirmed result.
source-result-0064,note:note-n5c9be1cc17a5-line-00029,note:note-n5c9be1cc17a5,note_article,note-n5c9be1cc17a5,29,（3R終了 判定3-0）,（3R終了 判定3-0）,,,,,DEC,判定,3R,,medium,Review-only candidate from source_mentions; do not treat as confirmed result.
source-result-0065,note:note-n63690ded65ef-line-00011,note:note-n63690ded65ef,note_article,note-n63690ded65ef,11,1R2分11秒TKO（左ストレート→パウンド®️）,1R2分11秒TKO（左ストレート→パウンド®️）,ターゲットNo.88,,,,TKO,TKO,1R,2分11秒,medium,Review-only candidate from source_mentions; do not treat as confirmed result.
source-result-0066,note:note-n63690ded65ef-line-00017,note:note-n63690ded65ef,note_article,note-n63690ded65ef,17,3R0分25秒KO（左フック）,3R0分25秒KO（左フック）,,,,,KO,KO,3R,0分25秒,medium,Review-only candidate from source_mentions; do not treat as confirmed result.
source-result-0067,note:note-n649d6e4ecaaa-line-00012,note:note-n649d6e4ecaaa,note_article,note-n649d6e4ecaaa,12,⑨タイトル,⑨タイトル,MAXバウト,①ランダーデビル ②［デビル軍の絶対的エース］,,,,,,,low,Review-only candidate from source_mentions; do not treat as confirmed result.
source-result-0068,note:note-n672f34b0e481-line-00014,note:note-n672f34b0e481,note_article,note-n672f34b0e481,14,（2R3分18秒KO パウンド）,（2R3分18秒KO パウンド）,マウンテン・ヒーローズNo.31,,,,KO,KO,2R,3分18秒,medium,Review-only candidate from source_mentions; do not treat as confirmed result.
source-result-0069,note:note-n672f34b0e481-line-00019,note:note-n672f34b0e481,note_article,note-n672f34b0e481,19,（3R終了 判定3-0）,（3R終了 判定3-0）,,,,,DEC,判定,3R,,medium,Review-only candidate from source_mentions; do not treat as confirmed result.
source-result-0070,note:note-n672f34b0e481-line-00024,note:note-n672f34b0e481,note_article,note-n672f34b0e481,24,（1R4分11秒KO 左フック→パウンド）,（1R4分11秒KO 左フック→パウンド）,,,,,KO,KO,1R,4分11秒,medium,Review-only candidate from source_mentions; do not treat as confirmed result.
source-result-0071,note:note-n672f34b0e481-line-00034,note:note-n672f34b0e481,note_article,note-n672f34b0e481,34,（3R終了 判定3-0）,（3R終了 判定3-0）,,,,,DEC,判定,3R,,medium,Review-only candidate from source_mentions; do not treat as confirmed result.
source-result-0072,note:note-n68c4a85d8fbb-line-00013,note:note-n68c4a85d8fbb,note_article,note-n68c4a85d8fbb,13,（３Ｒ終了 判定3-0）,（３Ｒ終了 判定3-0）,MAXバウト,,,,DEC,判定,3R,,medium,Review-only candidate from source_mentions; do not treat as confirmed result.
source-result-0073,note:note-n6b86d08a619d-line-00010,note:note-n6b86d08a619d,note_article,note-n6b86d08a619d,10,☆ターゲットミドル級タイトルマッチ,☆ターゲットミドル級タイトルマッチ,,ターゲットNo.100,,,,,,,low,Review-only candidate from source_mentions; do not treat as confirmed result.
source-result-0074,note:note-n6b86d08a619d-line-00020,note:note-n6b86d08a619d,note_article,note-n6b86d08a619d,20,☆ターゲットライト級タイトルマッチ,☆ターゲットライト級タイトルマッチ,MAXバウト,,,,,,,,low,Review-only candidate from source_mentions; do not treat as confirmed result.
source-result-0075,note:note-n6e32a2c78e47-line-00014,note:note-n6e32a2c78e47,note_article,note-n6e32a2c78e47,14,（3R1分57秒KO 左フック→パウンド）,（3R1分57秒KO 左フック→パウンド）,MAXバウト,,,,KO,KO,3R,1分57秒,medium,Review-only candidate from source_mentions; do not treat as confirmed result.
source-result-0076,note:note-n6e32a2c78e47-line-00020,note:note-n6e32a2c78e47,note_article,note-n6e32a2c78e47,20,（1R3分00秒 RNC）,（1R3分00秒 RNC）,,,,,SUB,RNC,1R,3分00秒,medium,Review-only candidate from source_mentions; do not treat as confirmed result.
source-result-0077,note:note-n6e32a2c78e47-line-00025,note:note-n6e32a2c78e47,note_article,note-n6e32a2c78e47,25,（3R終了 判定2-1）,（3R終了 判定2-1）,,,,,DEC,判定,3R,,medium,Review-only candidate from source_mentions; do not treat as confirmed result.
source-result-0078,note:note-n6e32a2c78e47-line-00030,note:note-n6e32a2c78e47,note_article,note-n6e32a2c78e47,30,（3R0分10秒KO 左フック→パウンド）,（3R0分10秒KO 左フック→パウンド）,,,,,KO,KO,3R,0分10秒,medium,Review-only candidate from source_mentions; do not treat as confirmed result.
source-result-0079,note:note-n6e32a2c78e47-line-00035,note:note-n6e32a2c78e47,note_article,note-n6e32a2c78e47,35,（1R3分56秒KO パウンド）,（1R3分56秒KO パウンド）,,,,,KO,KO,1R,3分56秒,medium,Review-only candidate from source_mentions; do not treat as confirmed result.
source-result-0080,note:note-n6f1a34980c04-line-00019,note:note-n6f1a34980c04,note_article,note-n6f1a34980c04,19,（2R2分43秒KO ボディへの膝蹴り）,（2R2分43秒KO ボディへの膝蹴り）,,,,,KO,KO,2R,2分43秒,medium,Review-only candidate from source_mentions; do not treat as confirmed result.
source-result-0081,note:note-n6f402a63952c-line-00013,note:note-n6f402a63952c,note_article,note-n6f402a63952c,13,（1R3分35秒KO 左ハイキック→パウンド）,（1R3分35秒KO 左ハイキック→パウンド）,マウンテン・ヒーローズNo.28,,,,KO,KO,1R,3分35秒,medium,Review-only candidate from source_mentions; do not treat as confirmed result.
source-result-0082,note:note-n6f402a63952c-line-00019,note:note-n6f402a63952c,note_article,note-n6f402a63952c,19,（1R2分39秒KO 左フック→パウンド）,（1R2分39秒KO 左フック→パウンド）,ターゲットNo.91,,,,KO,KO,1R,2分39秒,medium,Review-only candidate from source_mentions; do not treat as confirmed result.
source-result-0083,note:note-n6f402a63952c-line-00023,note:note-n6f402a63952c,note_article,note-n6f402a63952c,23,（1R3分49秒KO 左フック）,（1R3分49秒KO 左フック）,エンペラーNo.112,,,,KO,KO,1R,3分49秒,medium,Review-only candidate from source_mentions; do not treat as confirmed result.
source-result-0084,note:note-n6f402a63952c-line-00025,note:note-n6f402a63952c,note_article,note-n6f402a63952c,25,☆ライト級タイトルマッチ,☆ライト級タイトルマッチ,エンペラーNo.112,,,,,,,,low,Review-only candidate from source_mentions; do not treat as confirmed result.
source-result-0085,note:note-n6f402a63952c-line-00027,note:note-n6f402a63952c,note_article,note-n6f402a63952c,27,（判定3-0）防衛成功①,（判定3-0）防衛成功①,エンペラーNo.112,,,,DEC,判定,,,medium,Review-only candidate from source_mentions; do not treat as confirmed result.
source-result-0086,note:note-n7162ed1dfdcf-line-00010,note:note-n7162ed1dfdcf,note_article,note-n7162ed1dfdcf,10,☆ライト級ワンマッチ（ノンタイトル）,☆ライト級ワンマッチ（ノンタイトル）,マウンテン・ヒーローズNo.32,,,,,,,,low,Review-only candidate from source_mentions; do not treat as confirmed result.
source-result-0087,note:note-n7162ed1dfdcf-line-00014,note:note-n7162ed1dfdcf,note_article,note-n7162ed1dfdcf,14,（3R終了 判定3-0）,（3R終了 判定3-0）,マウンテン・ヒーローズNo.32,,,,DEC,判定,3R,,medium,Review-only candidate from source_mentions; do not treat as confirmed result.
source-result-0088,note:note-n729f0f7775b4-line-00014,note:note-n729f0f7775b4,note_article,note-n729f0f7775b4,14,（3R終了判定3-0）,（3R終了判定3-0）,エンペラーNo.116,,,,DEC,判定,3R,,medium,Review-only candidate from source_mentions; do not treat as confirmed result.
source-result-0089,note:note-n729f0f7775b4-line-00019,note:note-n729f0f7775b4,note_article,note-n729f0f7775b4,19,（1R0分58秒KO バックからのパウンド連打）,（1R0分58秒KO バックからのパウンド連打）,,,,,KO,KO,1R,0分58秒,medium,Review-only candidate from source_mentions; do not treat as confirmed result.
source-result-0090,note:note-n729f0f7775b4-line-00024,note:note-n729f0f7775b4,note_article,note-n729f0f7775b4,24,（1R4分08秒 RNC）,（1R4分08秒 RNC）,,,,,SUB,RNC,1R,4分08秒,medium,Review-only candidate from source_mentions; do not treat as confirmed result.
source-result-0091,note:note-n72c0ef38b7dc-line-00014,note:note-n72c0ef38b7dc,note_article,note-n72c0ef38b7dc,14,（1R2分42秒KO ハイキック→パンチ）,（1R2分42秒KO ハイキック→パンチ）,MAXバウト,,,,KO,KO,1R,2分42秒,medium,Review-only candidate from source_mentions; do not treat as confirmed result.
source-result-0092,note:note-n72c0ef38b7dc-line-00019,note:note-n72c0ef38b7dc,note_article,note-n72c0ef38b7dc,19,（1R3分29秒KO パウンド連打）,（1R3分29秒KO パウンド連打）,,,,,KO,KO,1R,3分29秒,medium,Review-only candidate from source_mentions; do not treat as confirmed result.
source-result-0093,note:note-n74034f313f19-line-00010,note:note-n74034f313f19,note_article,note-n74034f313f19,10,☆ミドル級王座決定戦,☆ミドル級王座決定戦,ターゲットNo.96,,,,,,,,low,Review-only candidate from source_mentions; do not treat as confirmed result.
source-result-0094,note:note-n74034f313f19-line-00014,note:note-n74034f313f19,note_article,note-n74034f313f19,14,（2R3分19秒KO サッカーボールキック→パウンド）,（2R3分19秒KO サッカーボールキック→パウンド）,ターゲットNo.96,,,,KO,KO,2R,3分19秒,medium,Review-only candidate from source_mentions; do not treat as confirmed result.
source-result-0095,note:note-n74034f313f19-line-00020,note:note-n74034f313f19,note_article,note-n74034f313f19,20,（1R1分54秒KO 膝蹴り→パウンド）,（1R1分54秒KO 膝蹴り→パウンド）,,,,,KO,KO,1R,1分54秒,medium,Review-only candidate from source_mentions; do not treat as confirmed result.
source-result-0096,note:note-n74034f313f19-line-00025,note:note-n74034f313f19,note_article,note-n74034f313f19,25,（1R1分55秒KO 左ハイキック）,（1R1分55秒KO 左ハイキック）,,,,,KO,KO,1R,1分55秒,medium,Review-only candidate from source_mentions; do not treat as confirmed result.
source-result-0097,note:note-n74c108e27e29-line-00011,note:note-n74c108e27e29,note_article,note-n74c108e27e29,11,⑥メジャー戦績⑦主戦団体⑧白グローブ出場回数⑨タイトル⑩戦いたい相手,⑥メジャー戦績⑦主戦団体⑧白グローブ出場回数⑨タイトル⑩戦いたい相手,MAXバウト,MAXバウト,,,,,,,low,Review-only candidate from source_mentions; do not treat as confirmed result.
source-result-0098,note:note-n7b52213fc431-line-00013,note:note-n7b52213fc431,note_article,note-n7b52213fc431,13,⑨タイトル⑩戦いたい相手,⑨タイトル⑩戦いたい相手,,MAXバウト,,,,,,,low,Review-only candidate from source_mentions; do not treat as confirmed result.
source-result-0099,note:note-n7c5e9c9e8a5b-line-00009,note:note-n7c5e9c9e8a5b,note_article,note-n7c5e9c9e8a5b,9,☆ライト級タイトルマッチ,☆ライト級タイトルマッチ,ターゲットNo.89,,,,,,,,low,Review-only candidate from source_mentions; do not treat as confirmed result.
source-result-0100,note:note-n7c5e9c9e8a5b-line-00011,note:note-n7c5e9c9e8a5b,note_article,note-n7c5e9c9e8a5b,11,（3R終了 判定3-0）,（3R終了 判定3-0）,ターゲットNo.89,,,,DEC,判定,3R,,medium,Review-only candidate from source_mentions; do not treat as confirmed result.
source-result-0101,note:note-n7c5e9c9e8a5b-line-00015,note:note-n7c5e9c9e8a5b,note_article,note-n7c5e9c9e8a5b,15,（1R終了時TKO ドクターストップ 足の負傷）,（1R終了時TKO ドクターストップ 足の負傷）,ターゲットNo.89,,,,TKO,TKO,1R,,medium,Review-only candidate from source_mentions; do not treat as confirmed result.
source-result-0102,note:note-n7c5e9c9e8a5b-line-00018,note:note-n7c5e9c9e8a5b,note_article,note-n7c5e9c9e8a5b,18,（2R3分19秒TKO パウンド®️）,（2R3分19秒TKO パウンド®️）,,,,,TKO,TKO,2R,3分19秒,medium,Review-only candidate from source_mentions; do not treat as confirmed result.
source-result-0103,note:note-n7c5e9c9e8a5b-line-00021,note:note-n7c5e9c9e8a5b,note_article,note-n7c5e9c9e8a5b,21,（1R2分08秒TKO グランド膝蹴り®️）,（1R2分08秒TKO グランド膝蹴り®️）,,,,,TKO,TKO,1R,2分08秒,medium,Review-only candidate from source_mentions; do not treat as confirmed result.
source-result-0104,note:note-n7c5e9c9e8a5b-line-00024,note:note-n7c5e9c9e8a5b,note_article,note-n7c5e9c9e8a5b,24,（1R3分17秒TKO パウンド®️）,（1R3分17秒TKO パウンド®️）,,,,,TKO,TKO,1R,3分17秒,medium,Review-only candidate from source_mentions; do not treat as confirmed result.
source-result-0105,note:note-n7c63ad4c39b2-line-00015,note:note-n7c63ad4c39b2,note_article,note-n7c63ad4c39b2,15,（3R終了 判定3-0）,（3R終了 判定3-0）,MAXバウト,,,,DEC,判定,3R,,medium,Review-only candidate from source_mentions; do not treat as confirmed result.
source-result-0106,note:note-n7e05e265c43b-line-00013,note:note-n7e05e265c43b,note_article,note-n7e05e265c43b,13,⑧タイトル,⑧タイトル,MAXバウト,,,,,,,,low,Review-only candidate from source_mentions; do not treat as confirmed result.
source-result-0107,note:note-n7fba6b39d4af-line-00014,note:note-n7fba6b39d4af,note_article,note-n7fba6b39d4af,14,（1R4分09秒KO 肘打ち→パウンド）,（1R4分09秒KO 肘打ち→パウンド）,,,,,KO,KO,1R,4分09秒,medium,Review-only candidate from source_mentions; do not treat as confirmed result.
source-result-0108,note:note-n7fba6b39d4af-line-00019,note:note-n7fba6b39d4af,note_article,note-n7fba6b39d4af,19,（1R2分00秒KO 飛び膝蹴り→パウンド）,（1R2分00秒KO 飛び膝蹴り→パウンド）,,,,,KO,KO,1R,2分00秒,medium,Review-only candidate from source_mentions; do not treat as confirmed result.
source-result-0109,note:note-n7fba6b39d4af-line-00024,note:note-n7fba6b39d4af,note_article,note-n7fba6b39d4af,24,（3R終了 判定3-0）,（3R終了 判定3-0）,,,,,DEC,判定,3R,,medium,Review-only candidate from source_mentions; do not treat as confirmed result.
source-result-0110,note:note-n7fba6b39d4af-line-00029,note:note-n7fba6b39d4af,note_article,note-n7fba6b39d4af,29,（1R3分18秒KO パウンド）,（1R3分18秒KO パウンド）,,,,,KO,KO,1R,3分18秒,medium,Review-only candidate from source_mentions; do not treat as confirmed result.
source-result-0111,note:note-n89a58b4cf383-line-00014,note:note-n89a58b4cf383,note_article,note-n89a58b4cf383,14,（3R2分02秒KO 左フック→パウンド）,（3R2分02秒KO 左フック→パウンド）,,,,,KO,KO,3R,2分02秒,medium,Review-only candidate from source_mentions; do not treat as confirmed result.
source-result-0112,note:note-n89a58b4cf383-line-00019,note:note-n89a58b4cf383,note_article,note-n89a58b4cf383,19,（2R3分16秒KO パウンド）,（2R3分16秒KO パウンド）,,,,,KO,KO,2R,3分16秒,medium,Review-only candidate from source_mentions; do not treat as confirmed result.
source-result-0113,note:note-n89a58b4cf383-line-00024,note:note-n89a58b4cf383,note_article,note-n89a58b4cf383,24,（1R2分17秒KO 左ハイキック→パウンド）,（1R2分17秒KO 左ハイキック→パウンド）,,,,,KO,KO,1R,2分17秒,medium,Review-only candidate from source_mentions; do not treat as confirmed result.
source-result-0114,note:note-n8a46f5d53a27-line-00010,note:note-n8a46f5d53a27,note_article,note-n8a46f5d53a27,10,☆ターゲットミドル級タイトルマッチ,☆ターゲットミドル級タイトルマッチ,ターゲットNo.100,,,,,,,,low,Review-only candidate from source_mentions; do not treat as confirmed result.
source-result-0115,note:note-n8a46f5d53a27-line-00014,note:note-n8a46f5d53a27,note_article,note-n8a46f5d53a27,14,（3R2分32秒TKO パウンド タオル投入）,（3R2分32秒TKO パウンド タオル投入）,ターゲットNo.100,,,,TKO,TKO,3R,2分32秒,medium,Review-only candidate from source_mentions; do not treat as confirmed result.
source-result-0116,note:note-n8a46f5d53a27-line-00016,note:note-n8a46f5d53a27,note_article,note-n8a46f5d53a27,16,☆ターゲットライト級タイトルマッチ,☆ターゲットライト級タイトルマッチ,ターゲットNo.100,,,,,,,,low,Review-only candidate from source_mentions; do not treat as confirmed result.
source-result-0117,note:note-n8a46f5d53a27-line-00020,note:note-n8a46f5d53a27,note_article,note-n8a46f5d53a27,20,（3R終了判定2-1）,（3R終了判定2-1）,,,,,DEC,判定,3R,,medium,Review-only candidate from source_mentions; do not treat as confirmed result.
source-result-0118,note:note-n8a46f5d53a27-line-00021,note:note-n8a46f5d53a27,note_article,note-n8a46f5d53a27,21,わくがタイトル防衛成功（2度目）,わくがタイトル防衛成功（2度目）,,,,,,,,,low,Review-only candidate from source_mentions; do not treat as confirmed result.
source-result-0119,note:note-n8a46f5d53a27-line-00026,note:note-n8a46f5d53a27,note_article,note-n8a46f5d53a27,26,（1R1分20秒KO 左フック）,（1R1分20秒KO 左フック）,,,,,KO,KO,1R,1分20秒,medium,Review-only candidate from source_mentions; do not treat as confirmed result.
source-result-0120,note:note-n8a46f5d53a27-line-00031,note:note-n8a46f5d53a27,note_article,note-n8a46f5d53a27,31,（2R2分15秒KO 踏みつけ→サッカーボールキック）,（2R2分15秒KO 踏みつけ→サッカーボールキック）,,,,,KO,KO,2R,2分15秒,medium,Review-only candidate from source_mentions; do not treat as confirmed result.
source-result-0121,note:note-n8da1505d0ea4-line-00014,note:note-n8da1505d0ea4,note_article,note-n8da1505d0ea4,14,⑨タイトル,⑨タイトル,MAXバウト,①ランダーデビル ②［デビル軍の絶対的エース］,,,,,,,low,Review-only candidate from source_mentions; do not treat as confirmed result.
source-result-0122,note:note-n91566d01688a-line-00019,note:note-n91566d01688a,note_article,note-n91566d01688a,19,（3R終了 判定2-1）,（3R終了 判定2-1）,,,,,DEC,判定,3R,,medium,Review-only candidate from source_mentions; do not treat as confirmed result.
source-result-0123,note:note-n92c7ab623e16-line-00009,note:note-n92c7ab623e16,note_article,note-n92c7ab623e16,9,☆ミドル級ワンマッチ（ノンタイトル）,☆ミドル級ワンマッチ（ノンタイトル）,マウンテン・ヒーローズNo.27,,,,,,,,low,Review-only candidate from source_mentions; do not treat as confirmed result.
source-result-0124,note:note-n92c7ab623e16-line-00014,note:note-n92c7ab623e16,note_article,note-n92c7ab623e16,14,（3R終了 判定3-0）,（3R終了 判定3-0）,,,,,DEC,判定,3R,,medium,Review-only candidate from source_mentions; do not treat as confirmed result.
source-result-0125,note:note-n92c7ab623e16-line-00017,note:note-n92c7ab623e16,note_article,note-n92c7ab623e16,17,（1R0分39秒TKO 飛び膝蹴り→パウンド）,（1R0分39秒TKO 飛び膝蹴り→パウンド）,,,,,TKO,TKO,1R,0分39秒,medium,Review-only candidate from source_mentions; do not treat as confirmed result.
source-result-0126,note:note-n92c7ab623e16-line-00023,note:note-n92c7ab623e16,note_article,note-n92c7ab623e16,23,（2R0分53秒KO 左フック一撃）,（2R0分53秒KO 左フック一撃）,,,,,KO,KO,2R,0分53秒,medium,Review-only candidate from source_mentions; do not treat as confirmed result.
source-result-0127,note:note-n930df063ece1-line-00019,note:note-n930df063ece1,note_article,note-n930df063ece1,19,（1R1分32秒KO 右フック）,（1R1分32秒KO 右フック）,,,,,KO,KO,1R,1分32秒,medium,Review-only candidate from source_mentions; do not treat as confirmed result.
source-result-0128,note:note-n930df063ece1-line-00024,note:note-n930df063ece1,note_article,note-n930df063ece1,24,（1R2分31秒TKO 左フック→パウンド®️）,（1R2分31秒TKO 左フック→パウンド®️）,,,,,TKO,TKO,1R,2分31秒,medium,Review-only candidate from source_mentions; do not treat as confirmed result.
source-result-0129,note:note-n930df063ece1-line-00029,note:note-n930df063ece1,note_article,note-n930df063ece1,29,（1R3分21秒TKO パウンド®️）,（1R3分21秒TKO パウンド®️）,,,,,TKO,TKO,1R,3分21秒,medium,Review-only candidate from source_mentions; do not treat as confirmed result.
source-result-0130,note:note-n930df063ece1-line-00034,note:note-n930df063ece1,note_article,note-n930df063ece1,34,（2R3分38秒KO 左ストレート）,（2R3分38秒KO 左ストレート）,,,,,KO,KO,2R,3分38秒,medium,Review-only candidate from source_mentions; do not treat as confirmed result.
source-result-0131,note:note-n94fc656c4a37-line-00011,note:note-n94fc656c4a37,note_article,note-n94fc656c4a37,11,⑥メジャー戦績⑦主戦団体⑧白グローブ出場回数⑨タイトル⑩戦いたい相手,⑥メジャー戦績⑦主戦団体⑧白グローブ出場回数⑨タイトル⑩戦いたい相手,,MAXバウト,,,,,,,low,Review-only candidate from source_mentions; do not treat as confirmed result.
source-result-0132,note:note-n96b3975ccdad-line-00012,note:note-n96b3975ccdad,note_article,note-n96b3975ccdad,12,2R1分29秒KO（グランド肘打ち）,2R1分29秒KO（グランド肘打ち）,MAXバウト,,,,KO,KO,2R,1分29秒,medium,Review-only candidate from source_mentions; do not treat as confirmed result.
source-result-0133,note:note-n96b3975ccdad-line-00015,note:note-n96b3975ccdad,note_article,note-n96b3975ccdad,15,1R4分37秒KO（左フック→パウンド）,1R4分37秒KO（左フック→パウンド）,MAXバウト,,,,KO,KO,1R,4分37秒,medium,Review-only candidate from source_mentions; do not treat as confirmed result.
source-result-0134,note:note-n96b3975ccdad-line-00018,note:note-n96b3975ccdad,note_article,note-n96b3975ccdad,18,3R0分43秒KO（左ミドルキック）,3R0分43秒KO（左ミドルキック）,,,,,KO,KO,3R,0分43秒,medium,Review-only candidate from source_mentions; do not treat as confirmed result.
source-result-0135,note:note-n96b3975ccdad-line-00021,note:note-n96b3975ccdad,note_article,note-n96b3975ccdad,21,1R3分51秒KO（飛びヒザ蹴り）,1R3分51秒KO（飛びヒザ蹴り）,,,,,KO,KO,1R,3分51秒,medium,Review-only candidate from source_mentions; do not treat as confirmed result.
source-result-0136,note:note-n9a513018f5eb-line-00015,note:note-n9a513018f5eb,note_article,note-n9a513018f5eb,15,（1R3分24秒TKO 左フック）,（1R3分24秒TKO 左フック）,MAXバウト,,,,TKO,TKO,1R,3分24秒,medium,Review-only candidate from source_mentions; do not treat as confirmed result.
source-result-0137,note:note-n9a513018f5eb-line-00018,note:note-n9a513018f5eb,note_article,note-n9a513018f5eb,18,（3R2分50秒TKO ヒザ蹴り→パウンド）,（3R2分50秒TKO ヒザ蹴り→パウンド）,,,,,TKO,TKO,3R,2分50秒,medium,Review-only candidate from source_mentions; do not treat as confirmed result.
source-result-0138,note:note-n9bdb012eebc7-line-00010,note:note-n9bdb012eebc7,note_article,note-n9bdb012eebc7,10,☆ターゲットミドル級タイトルマッチ,☆ターゲットミドル級タイトルマッチ,MAXバウト,ターゲットNo.101,,,,,,,low,Review-only candidate from source_mentions; do not treat as confirmed result.
source-result-0139,note:note-n9c40e3dc26df-line-00014,note:note-n9c40e3dc26df,note_article,note-n9c40e3dc26df,14,（3R終了 判定2-1）,（3R終了 判定2-1）,,ターゲットNo.98,,,DEC,判定,3R,,medium,Review-only candidate from source_mentions; do not treat as confirmed result.
source-result-0140,note:note-n9c40e3dc26df-line-00019,note:note-n9c40e3dc26df,note_article,note-n9c40e3dc26df,19,（2R2分08秒KO パウンド）,（2R2分08秒KO パウンド）,,,,,KO,KO,2R,2分08秒,medium,Review-only candidate from source_mentions; do not treat as confirmed result.
source-result-0141,note:note-n9c825ffb7bef-line-00019,note:note-n9c825ffb7bef,note_article,note-n9c825ffb7bef,19,（3R2分55秒 KO 左アッパー→パウンド）,（3R2分55秒 KO 左アッパー→パウンド）,,,,,KO,KO,3R,2分55秒,medium,Review-only candidate from source_mentions; do not treat as confirmed result.
source-result-0142,note:note-n9c825ffb7bef-line-00024,note:note-n9c825ffb7bef,note_article,note-n9c825ffb7bef,24,（1R2分22秒KO 左ボディ→パウンド）,（1R2分22秒KO 左ボディ→パウンド）,,,,,KO,KO,1R,2分22秒,medium,Review-only candidate from source_mentions; do not treat as confirmed result.
source-result-0143,note:note-n9c82c5dfdabb-line-00010,note:note-n9c82c5dfdabb,note_article,note-n9c82c5dfdabb,10,☆ライト級タイトルマッチ,☆ライト級タイトルマッチ,,ターゲットNo.89,,,,,,,low,Review-only candidate from source_mentions; do not treat as confirmed result.
source-result-0144,note:note-n9ffa2d8d29d4-line-00012,note:note-n9ffa2d8d29d4,note_article,note-n9ffa2d8d29d4,12,（1R2分56秒KO スープレックス→パウンド）,（1R2分56秒KO スープレックス→パウンド）,MAXバウト,,,,KO,KO,1R,2分56秒,medium,Review-only candidate from source_mentions; do not treat as confirmed result.
source-result-0145,note:note-n9ffa2d8d29d4-line-00015,note:note-n9ffa2d8d29d4,note_article,note-n9ffa2d8d29d4,15,（2R0分53秒KO 肘打ち）,（2R0分53秒KO 肘打ち）,MAXバウト,,,,KO,KO,2R,0分53秒,medium,Review-only candidate from source_mentions; do not treat as confirmed result.
source-result-0146,note:note-na3a5e6156f2f-line-00019,note:note-na3a5e6156f2f,note_article,note-na3a5e6156f2f,19,（1R2分52秒 RNC）,（1R2分52秒 RNC）,,,,,SUB,RNC,1R,2分52秒,medium,Review-only candidate from source_mentions; do not treat as confirmed result.
source-result-0147,note:note-na7a62e09f61c-line-00014,note:note-na7a62e09f61c,note_article,note-na7a62e09f61c,14,（1R1分43秒KO スタンドパンチ連打）,（1R1分43秒KO スタンドパンチ連打）,エンペラーNo.113,,,,KO,KO,1R,1分43秒,medium,Review-only candidate from source_mentions; do not treat as confirmed result.
source-result-0148,note:note-na7a62e09f61c-line-00019,note:note-na7a62e09f61c,note_article,note-na7a62e09f61c,19,（1R2分16秒KO 飛び膝蹴り→パウンド）,（1R2分16秒KO 飛び膝蹴り→パウンド）,,,,,KO,KO,1R,2分16秒,medium,Review-only candidate from source_mentions; do not treat as confirmed result.
source-result-0149,note:note-na7a62e09f61c-line-00029,note:note-na7a62e09f61c,note_article,note-na7a62e09f61c,29,（2R2分02秒KO 左ボディ→パウンド）,（2R2分02秒KO 左ボディ→パウンド）,,,,,KO,KO,2R,2分02秒,medium,Review-only candidate from source_mentions; do not treat as confirmed result.
source-result-0150,note:note-na7a62e09f61c-line-00034,note:note-na7a62e09f61c,note_article,note-na7a62e09f61c,34,（1R2分33秒KO 右フック→パウンド）,（1R2分33秒KO 右フック→パウンド）,,,,,KO,KO,1R,2分33秒,medium,Review-only candidate from source_mentions; do not treat as confirmed result.
source-result-0151,note:note-na86197774d5e-line-00014,note:note-na86197774d5e,note_article,note-na86197774d5e,14,⑨タイトル,⑨タイトル,MAXバウト,,,,,,,,low,Review-only candidate from source_mentions; do not treat as confirmed result.
source-result-0152,note:note-nac5b58ff480e-line-00012,note:note-nac5b58ff480e,note_article,note-nac5b58ff480e,12,⑥メジャー戦績⑦主戦団体⑧白グローブ出場回数⑨タイトル⑩戦いたい相手,⑥メジャー戦績⑦主戦団体⑧白グローブ出場回数⑨タイトル⑩戦いたい相手,MAXバウト,MAXバウト,,,,,,,low,Review-only candidate from source_mentions; do not treat as confirmed result.
source-result-0153,note:note-nb2d5ed6ff53e-line-00029,note:note-nb2d5ed6ff53e,note_article,note-nb2d5ed6ff53e,29,⑨タイトル⑩戦いたい相手,⑨タイトル⑩戦いたい相手,MAXバウト,,,,,,,,low,Review-only candidate from source_mentions; do not treat as confirmed result.
source-result-0154,note:note-nb7b4be41c85c-line-00047,note:note-nb7b4be41c85c,note_article,note-nb7b4be41c85c,47,☆ライト級タイトルマッチ,☆ライト級タイトルマッチ,エンペラーNo.112,,,,,,,,low,Review-only candidate from source_mentions; do not treat as confirmed result.
source-result-0155,note:note-nbc890e143fa9-line-00024,note:note-nbc890e143fa9,note_article,note-nbc890e143fa9,24,（3R終了 判定2-1）,（3R終了 判定2-1）,,,,,DEC,判定,3R,,medium,Review-only candidate from source_mentions; do not treat as confirmed result.
source-result-0156,note:note-nbc9d3618e052-line-00019,note:note-nbc9d3618e052,note_article,note-nbc9d3618e052,19,（3R3分10秒KO 下からの蹴り上げ→パウンド）,（3R3分10秒KO 下からの蹴り上げ→パウンド）,,,,,KO,KO,3R,3分10秒,medium,Review-only candidate from source_mentions; do not treat as confirmed result.
source-result-0157,note:note-nc257025df66a-line-00014,note:note-nc257025df66a,note_article,note-nc257025df66a,14,（1R1分35秒KO パウンド連打）,（1R1分35秒KO パウンド連打）,マウンテン・ヒーローズNo.40,,,,KO,KO,1R,1分35秒,medium,Review-only candidate from source_mentions; do not treat as confirmed result.
source-result-0158,note:note-nc257025df66a-line-00019,note:note-nc257025df66a,note_article,note-nc257025df66a,19,（3R1分10秒KO 左フック→パウンド）,（3R1分10秒KO 左フック→パウンド）,,,,,KO,KO,3R,1分10秒,medium,Review-only candidate from source_mentions; do not treat as confirmed result.
source-result-0159,note:note-nc257025df66a-line-00024,note:note-nc257025df66a,note_article,note-nc257025df66a,24,（1R1分16秒KO 三日月蹴り）,（1R1分16秒KO 三日月蹴り）,,,,,KO,KO,1R,1分16秒,medium,Review-only candidate from source_mentions; do not treat as confirmed result.
source-result-0160,note:note-nc8662072da97-line-00014,note:note-nc8662072da97,note_article,note-nc8662072da97,14,⑨タイトル⑩戦いたい相手,⑨タイトル⑩戦いたい相手,MAXバウト,,,,,,,,low,Review-only candidate from source_mentions; do not treat as confirmed result.
source-result-0161,note:note-nc8662072da97-line-00041,note:note-nc8662072da97,note_article,note-nc8662072da97,41,②キラーファイトのKOキング,②キラーファイトのKOキング,,,,,KO,KO,,,medium,Review-only candidate from source_mentions; do not treat as confirmed result.
source-result-0162,note:note-nced343dbb736-line-00014,note:note-nced343dbb736,note_article,note-nced343dbb736,14,（3R終了 判定3-0）,（3R終了 判定3-0）,エンペラーNo.118,,,,DEC,判定,3R,,medium,Review-only candidate from source_mentions; do not treat as confirmed result.
source-result-0163,note:note-nd192a977dd47-line-00012,note:note-nd192a977dd47,note_article,note-nd192a977dd47,12,（2R2分44秒TKO パウンド［タオル投入］）,（2R2分44秒TKO パウンド［タオル投入］）,ターゲットNo.92,,,,TKO,TKO,2R,2分44秒,medium,Review-only candidate from source_mentions; do not treat as confirmed result.
source-result-0164,note:note-nd192a977dd47-line-00015,note:note-nd192a977dd47,note_article,note-nd192a977dd47,15,（1R2分47秒KO 左ハイキック→パウンド）,（1R2分47秒KO 左ハイキック→パウンド）,ターゲットNo.92,,,,KO,KO,1R,2分47秒,medium,Review-only candidate from source_mentions; do not treat as confirmed result.
source-result-0165,note:note-nd192a977dd47-line-00018,note:note-nd192a977dd47,note_article,note-nd192a977dd47,18,（1R4分59秒KO 左フック）,（1R4分59秒KO 左フック）,,,,,KO,KO,1R,4分59秒,medium,Review-only candidate from source_mentions; do not treat as confirmed result.
source-result-0166,note:note-nd192a977dd47-line-00021,note:note-nd192a977dd47,note_article,note-nd192a977dd47,21,（3R2分32秒KO 左アッパー）,（3R2分32秒KO 左アッパー）,,,,,KO,KO,3R,2分32秒,medium,Review-only candidate from source_mentions; do not treat as confirmed result.
source-result-0167,note:note-nd7936059d9ed-line-00017,note:note-nd7936059d9ed,note_article,note-nd7936059d9ed,17,（2R3分12秒KO バックスピンキック→パウンド）,（2R3分12秒KO バックスピンキック→パウンド）,MAXバウト,,,,KO,KO,2R,3分12秒,medium,Review-only candidate from source_mentions; do not treat as confirmed result.
source-result-0168,note:note-nd7936059d9ed-line-00020,note:note-nd7936059d9ed,note_article,note-nd7936059d9ed,20,（3R終了 判定2-1）,（3R終了 判定2-1）,,,,,DEC,判定,3R,,medium,Review-only candidate from source_mentions; do not treat as confirmed result.
source-result-0169,note:note-ndecd8772f601-line-00014,note:note-ndecd8772f601,note_article,note-ndecd8772f601,14,（3R終了判定2-1）,（3R終了判定2-1）,MAXバウト,,,,DEC,判定,3R,,medium,Review-only candidate from source_mentions; do not treat as confirmed result.
source-result-0170,note:note-ndecd8772f601-line-00019,note:note-ndecd8772f601,note_article,note-ndecd8772f601,19,（1R1分57秒KO 右フック）,（1R1分57秒KO 右フック）,,,,,KO,KO,1R,1分57秒,medium,Review-only candidate from source_mentions; do not treat as confirmed result.
source-result-0171,note:note-ne16015350a06-line-00012,note:note-ne16015350a06,note_article,note-ne16015350a06,12,⑥メジャー戦績⑦主戦団体⑧白グローブ出場回数⑨タイトル⑩戦いたい相手,⑥メジャー戦績⑦主戦団体⑧白グローブ出場回数⑨タイトル⑩戦いたい相手,MAXバウト,MAXバウト,,,,,,,low,Review-only candidate from source_mentions; do not treat as confirmed result.
source-result-0172,note:note-nea973af387f1-line-00010,note:note-nea973af387f1,note_article,note-nea973af387f1,10,☆M・Hミドル級タイトルマッチ,☆M・Hミドル級タイトルマッチ,マウンテン・ヒーローズNo.38,,,,,,,,low,Review-only candidate from source_mentions; do not treat as confirmed result.
source-result-0173,note:note-nea973af387f1-line-00018,note:note-nea973af387f1,note_article,note-nea973af387f1,18,（2R1分53秒KO パンチ連打）,（2R1分53秒KO パンチ連打）,,,,,KO,KO,2R,1分53秒,medium,Review-only candidate from source_mentions; do not treat as confirmed result.
source-result-0174,note:note-nea973af387f1-line-00028,note:note-nea973af387f1,note_article,note-nea973af387f1,28,（1R1分45秒KO 左フック）,（1R1分45秒KO 左フック）,,,,,KO,KO,1R,1分45秒,medium,Review-only candidate from source_mentions; do not treat as confirmed result.
source-result-0175,note:note-nea973af387f1-line-00037,note:note-nea973af387f1,note_article,note-nea973af387f1,37,（3R終了 判定3-0）,（3R終了 判定3-0）,,,,,DEC,判定,3R,,medium,Review-only candidate from source_mentions; do not treat as confirmed result.
source-result-0176,note:note-neffcc3305fb5-line-00012,note:note-neffcc3305fb5,note_article,note-neffcc3305fb5,12,⑨タイトル,⑨タイトル,MAXバウト,,,,,,,,low,Review-only candidate from source_mentions; do not treat as confirmed result.
source-result-0177,note:note-nf1567c13c0cc-line-00009,note:note-nf1567c13c0cc,note_article,note-nf1567c13c0cc,9,☆ミドル級ワンマッチ（ノンタイトル）,☆ミドル級ワンマッチ（ノンタイトル）,マウンテン・ヒーローズNo.27,M・H No.27対戦カード,,,,,,,low,Review-only candidate from source_mentions; do not treat as confirmed result.
source-result-0178,note:note-nf311a5b3c239-line-00010,note:note-nf311a5b3c239,note_article,note-nf311a5b3c239,10,☆エンペラーライト級タイトルマッチ,☆エンペラーライト級タイトルマッチ,,エンペラーNo.115,,,,,,,low,Review-only candidate from source_mentions; do not treat as confirmed result.
source-result-0179,note:note-nf311a5b3c239-line-00013,note:note-nf311a5b3c239,note_article,note-nf311a5b3c239,13,【6勝1敗】防衛①,【6勝1敗】防衛①,MAXバウト,エンペラーNo.115,,,,,,,low,Review-only candidate from source_mentions; do not treat as confirmed result.
source-result-0180,note:note-nf5c664e46dfb-line-00012,note:note-nf5c664e46dfb,note_article,note-nf5c664e46dfb,12,（1R3分47秒KO スタンドパンチ連打→膝蹴り）,（1R3分47秒KO スタンドパンチ連打→膝蹴り）,MAXバウト,,,,KO,KO,1R,3分47秒,medium,Review-only candidate from source_mentions; do not treat as confirmed result.
source-result-0181,note:note-nf8bb05b44038-line-00010,note:note-nf8bb05b44038,note_article,note-nf8bb05b44038,10,☆ミドル級王座決定戦,☆ミドル級王座決定戦,ターゲットNo.96,ターゲットNo.96,,,,,,,low,Review-only candidate from source_mentions; do not treat as confirmed result.
source-result-0182,note:note-nfe8738dd4847-line-00013,note:note-nfe8738dd4847,note_article,note-nfe8738dd4847,13,⑨タイトル⑩戦いたい相手,⑨タイトル⑩戦いたい相手,MAXバウト,,,,,,,,low,Review-only candidate from source_mentions; do not treat as confirmed result.
source-result-0183,note:note-nff26f83e58f5-line-00014,note:note-nff26f83e58f5,note_article,note-nff26f83e58f5,14,（1R1分02秒KO 左ストレート→パウンド）,（1R1分02秒KO 左ストレート→パウンド）,マウンテン・ヒーローズNo.39,,,,KO,KO,1R,1分02秒,medium,Review-only candidate from source_mentions; do not treat as confirmed result.
source-result-0184,note:note-nff26f83e58f5-line-00019,note:note-nff26f83e58f5,note_article,note-nff26f83e58f5,19,（3R4分28秒KO 左フック→パウンド）,（3R4分28秒KO 左フック→パウンド）,,,,,KO,KO,3R,4分28秒,medium,Review-only candidate from source_mentions; do not treat as confirmed result.
source-result-0185,note:note-nff26f83e58f5-line-00024,note:note-nff26f83e58f5,note_article,note-nff26f83e58f5,24,（2R1分05秒KO 左フック→パウンド）,（2R1分05秒KO 左フック→パウンド）,,,,,KO,KO,2R,1分05秒,medium,Review-only candidate from source_mentions; do not treat as confirmed result.
source-result-0186,note:note-target-103-card-line-00010,note:note-target-103-card,note_article,note-target-103-card,10,☆ライト級タイトルマッチ,☆ライト級タイトルマッチ,,ターゲットNo.103,,,,,,,low,Review-only candidate from source_mentions; do not treat as confirmed result.
source-result-0187,note:note-target-103-result-line-00010,note:note-target-103-result,note_article,note-target-103-result,10,☆ライト級タイトルマッチ,☆ライト級タイトルマッチ,ターゲットNo.103,,,,,,,,low,Review-only candidate from source_mentions; do not treat as confirmed result.
source-result-0188,note:note-target-103-result-line-00014,note:note-target-103-result,note_article,note-target-103-result,14,（2R2分16秒KO カウンターフック）,（2R2分16秒KO カウンターフック）,ターゲットNo.103,,,,KO,KO,2R,2分16秒,medium,Review-only candidate from source_mentions; do not treat as confirmed result.
source-result-0189,note:note-target-103-result-line-00015,note:note-target-103-result,note_article,note-target-103-result,15,わくがタイトル防衛成功（防衛3度目）,わくがタイトル防衛成功（防衛3度目）,ターゲットNo.103,,,,,,,,low,Review-only candidate from source_mentions; do not treat as confirmed result.
source-result-0190,note:note-target-103-result-line-00025,note:note-target-103-result,note_article,note-target-103-result,25,（1R3分06秒KO マウントパンチ連打）,（1R3分06秒KO マウントパンチ連打）,,,,,KO,KO,1R,3分06秒,medium,Review-only candidate from source_mentions; do not treat as confirmed result.
source-result-0191,note:note-target-103-result-line-00030,note:note-target-103-result,note_article,note-target-103-result,30,（2R3分09秒KO パウンド）,（2R3分09秒KO パウンド）,,,,,KO,KO,2R,3分09秒,medium,Review-only candidate from source_mentions; do not treat as confirmed result.
source-result-0192,note:note-target-103-result-line-00035,note:note-target-103-result,note_article,note-target-103-result,35,（1R1分37秒KO 大外刈り）,（1R1分37秒KO 大外刈り）,,,,,KO,KO,1R,1分37秒,medium,Review-only candidate from source_mentions; do not treat as confirmed result.
source-result-0193,youtube_description:youtube_1ptbs6ropuq-line-00012,youtube_description:youtube_1ptbs6ropuq,youtube_description,youtube_1ptbs6ropuq,12,☆ターゲットミドル級タイトルマッチ,☆ターゲットミドル級タイトルマッチ,ターゲットNo.100,,,,,,,,low,Review-only candidate from source_mentions; do not treat as confirmed result.
source-result-0194,youtube_description:youtube_23ui9dcnmle-line-00004,youtube_description:youtube_23ui9dcnmle,youtube_description,youtube_23ui9dcnmle,4,⑥メジャー戦績⑦主戦団体⑧白グローブ出場回数⑨タイトル⑩戦いたい相手,⑥メジャー戦績⑦主戦団体⑧白グローブ出場回数⑨タイトル⑩戦いたい相手,MAXバウト,,,,,,,,low,Review-only candidate from source_mentions; do not treat as confirmed result.
source-result-0195,youtube_description:youtube_2cpxeyxdlp8-line-00016,youtube_description:youtube_2cpxeyxdlp8,youtube_description,youtube_2cpxeyxdlp8,16,【第7回MAXバウトライト級GP二回戦Aブロック】🚨①名前②キャッチコピー③年齢④身長⑤所属ジム⑥メジャー戦績⑦主戦団体⑧白グローブ出場回数⑨タイトル⑩戦いたい相手,【第7回MAXバウトライト級GP二回戦Aブロック】🚨①名前②キャッチコピー③年齢④身長⑤所属ジム⑥メジャー戦績⑦主戦団体⑧白グローブ出場回数⑨タイトル⑩戦いたい相手,MAXバウト,,,,,,,,low,Review-only candidate from source_mentions; do not treat as confirmed result.
source-result-0196,youtube_description:youtube_3iszag1c2f0-line-00016,youtube_description:youtube_3iszag1c2f0,youtube_description,youtube_3iszag1c2f0,16,【第7回MAXバウトライト級GP二回戦Aブロック】🚨①名前②キャッチコピー③年齢④身長⑤所属ジム⑥メジャー戦績⑦主戦団体⑧白グローブ出場回数⑨タイトル⑩戦いたい相手,【第7回MAXバウトライト級GP二回戦Aブロック】🚨①名前②キャッチコピー③年齢④身長⑤所属ジム⑥メジャー戦績⑦主戦団体⑧白グローブ出場回数⑨タイトル⑩戦いたい相手,,,,,,,,,low,Review-only candidate from source_mentions; do not treat as confirmed result.
source-result-0197,youtube_description:youtube_3k_jsttv5wi-line-00006,youtube_description:youtube_3k_jsttv5wi,youtube_description,youtube_3k_jsttv5wi,6,⑨タイトル,⑨タイトル,MAXバウト,,,,,,,,low,Review-only candidate from source_mentions; do not treat as confirmed result.
source-result-0198,youtube_description:youtube_41mou0pvo8w-line-00006,youtube_description:youtube_41mou0pvo8w,youtube_description,youtube_41mou0pvo8w,6,⑨タイトル,⑨タイトル,MAXバウト,,,,,,,,low,Review-only candidate from source_mentions; do not treat as confirmed result.
source-result-0199,youtube_description:youtube_42ca9t_qk7y-line-00007,youtube_description:youtube_42ca9t_qk7y,youtube_description,youtube_42ca9t_qk7y,7,⑨タイトル⑩戦いたい相手,⑨タイトル⑩戦いたい相手,MAXバウト,🔥ベスト８対戦カードです🔥,,,,,,,low,Review-only candidate from source_mentions; do not treat as confirmed result.
source-result-0200,youtube_description:youtube_4a_ucjfzwra-line-00020,youtube_description:youtube_4a_ucjfzwra,youtube_description,youtube_4a_ucjfzwra,20,⑨タイトル⑩戦いたい相手,⑨タイトル⑩戦いたい相手,MAXバウト,,,,,,,,low,Review-only candidate from source_mentions; do not treat as confirmed result.
source-result-0201,youtube_description:youtube_4bnoht7mgww-line-00004,youtube_description:youtube_4bnoht7mgww,youtube_description,youtube_4bnoht7mgww,4,⑥メジャー戦績⑦主戦団体⑧白グローブ出場回数⑨タイトル⑩戦いたい相手,⑥メジャー戦績⑦主戦団体⑧白グローブ出場回数⑨タイトル⑩戦いたい相手,MAXバウト,,,,,,,,low,Review-only candidate from source_mentions; do not treat as confirmed result.
source-result-0202,youtube_description:youtube_4cbcymly7ma-line-00005,youtube_description:youtube_4cbcymly7ma,youtube_description,youtube_4cbcymly7ma,5,⑧タイトル,⑧タイトル,MAXバウト,,,,,,,,low,Review-only candidate from source_mentions; do not treat as confirmed result.
source-result-0203,youtube_description:youtube_4d8cgcsgpki-line-00002,youtube_description:youtube_4d8cgcsgpki,youtube_description,youtube_4d8cgcsgpki,2,☆ライト級タイトルマッチ,☆ライト級タイトルマッチ,マウンテン・ヒーローズNo.30,,,,,,,,low,Review-only candidate from source_mentions; do not treat as confirmed result.
source-result-0204,youtube_description:youtube_4rgh2fs6rp8-line-00012,youtube_description:youtube_4rgh2fs6rp8,youtube_description,youtube_4rgh2fs6rp8,12,☆ターゲットライト級タイトルマッチ,☆ターゲットライト級タイトルマッチ,ターゲットNo.100,,,,,,,,low,Review-only candidate from source_mentions; do not treat as confirmed result.
source-result-0205,youtube_description:youtube_4tzgvgx7cg8-line-00024,youtube_description:youtube_4tzgvgx7cg8,youtube_description,youtube_4tzgvgx7cg8,24,⑧タイトル,⑧タイトル,MAXバウト,,,,,,,,low,Review-only candidate from source_mentions; do not treat as confirmed result.
source-result-0206,youtube_description:youtube_54kwdqyjoa8-line-00004,youtube_description:youtube_54kwdqyjoa8,youtube_description,youtube_54kwdqyjoa8,4,☆エンペラーライト級タイトルマッチ,☆エンペラーライト級タイトルマッチ,エンペラーNo.115,,,,,,,,low,Review-only candidate from source_mentions; do not treat as confirmed result.
source-result-0207,youtube_description:youtube_54kwdqyjoa8-line-00007,youtube_description:youtube_54kwdqyjoa8,youtube_description,youtube_54kwdqyjoa8,7,【6勝1敗】防衛①,【6勝1敗】防衛①,エンペラーNo.115,,,,,,,,low,Review-only candidate from source_mentions; do not treat as confirmed result.
source-result-0208,youtube_description:youtube_574ikyazfj4-line-00005,youtube_description:youtube_574ikyazfj4,youtube_description,youtube_574ikyazfj4,5,⑥メジャー戦績⑦主戦団体⑧タイトル,⑥メジャー戦績⑦主戦団体⑧タイトル,MAXバウト,,,,,,,,low,Review-only candidate from source_mentions; do not treat as confirmed result.
source-result-0209,youtube_description:youtube_5zbvriy_62w-line-00002,youtube_description:youtube_5zbvriy_62w,youtube_description,youtube_5zbvriy_62w,2,☆ミドル級王座決定戦,☆ミドル級王座決定戦,ターゲットNo.96,,,,,,,,low,Review-only candidate from source_mentions; do not treat as confirmed result.
source-result-0210,youtube_description:youtube_6cc4iyh_ejy-line-00004,youtube_description:youtube_6cc4iyh_ejy,youtube_description,youtube_6cc4iyh_ejy,4,⑥メジャー戦績⑦主戦団体⑧白グローブ出場回数⑨タイトル⑩戦いたい相手,⑥メジャー戦績⑦主戦団体⑧白グローブ出場回数⑨タイトル⑩戦いたい相手,MAXバウト,,,,,,,,low,Review-only candidate from source_mentions; do not treat as confirmed result.
source-result-0211,youtube_description:youtube_7jwrin5qehm-line-00024,youtube_description:youtube_7jwrin5qehm,youtube_description,youtube_7jwrin5qehm,24,⑧タイトル,⑧タイトル,MAXバウト,,,,,,,,low,Review-only candidate from source_mentions; do not treat as confirmed result.
source-result-0212,youtube_description:youtube_7rixgvx9na-line-00020,youtube_description:youtube_7rixgvx9na,youtube_description,youtube_7rixgvx9na,20,⑨タイトル⑩戦いたい相手,⑨タイトル⑩戦いたい相手,,,,,,,,,low,Review-only candidate from source_mentions; do not treat as confirmed result.
source-result-0213,youtube_description:youtube_7su1lyzlexi-line-00004,youtube_description:youtube_7su1lyzlexi,youtube_description,youtube_7su1lyzlexi,4,⑥メジャー戦績⑦タイトル,⑥メジャー戦績⑦タイトル,マウンテン・ヒーローズNo.29,,,,,,,,low,Review-only candidate from source_mentions; do not treat as confirmed result.
source-result-0214,youtube_description:youtube_7su1lyzlexi-line-00005,youtube_description:youtube_7su1lyzlexi,youtube_description,youtube_7su1lyzlexi,5,☆ミドル級タイトルマッチ,☆ミドル級タイトルマッチ,MAXバウト,,,,,,,,low,Review-only candidate from source_mentions; do not treat as confirmed result.
source-result-0215,youtube_description:youtube_89izoyicptw-line-00004,youtube_description:youtube_89izoyicptw,youtube_description,youtube_89izoyicptw,4,⑥メジャー戦績⑦主戦団体⑧白グローブ出場回数⑨タイトル⑩戦いたい相手,⑥メジャー戦績⑦主戦団体⑧白グローブ出場回数⑨タイトル⑩戦いたい相手,MAXバウト,,,,,,,,low,Review-only candidate from source_mentions; do not treat as confirmed result.
source-result-0216,youtube_description:youtube_9hosl10mklo-line-00006,youtube_description:youtube_9hosl10mklo,youtube_description,youtube_9hosl10mklo,6,⑨タイトル,⑨タイトル,MAXバウト,①ランダーデビル ②［デビル軍の絶対的エース］,,,,,,,low,Review-only candidate from source_mentions; do not treat as confirmed result.
source-result-0217,youtube_description:youtube_b3mm_ebk_my-line-00006,youtube_description:youtube_b3mm_ebk_my,youtube_description,youtube_b3mm_ebk_my,6,⑨タイトル,⑨タイトル,MAXバウト,,,,,,,,low,Review-only candidate from source_mentions; do not treat as confirmed result.
source-result-0218,youtube_description:youtube_bacmlios1i8-line-00005,youtube_description:youtube_bacmlios1i8,youtube_description,youtube_bacmlios1i8,5,⑥メジャー戦績⑦主戦団体⑧タイトル,⑥メジャー戦績⑦主戦団体⑧タイトル,MAXバウト,,,,,,,,low,Review-only candidate from source_mentions; do not treat as confirmed result.
source-result-0219,youtube_description:youtube_bompcnznx34-line-00005,youtube_description:youtube_bompcnznx34,youtube_description,youtube_bompcnznx34,5,⑧タイトル,⑧タイトル,MAXバウト,,,,,,,,low,Review-only candidate from source_mentions; do not treat as confirmed result.
source-result-0220,youtube_description:youtube_bv7s9abfq2i-line-00015,youtube_description:youtube_bv7s9abfq2i,youtube_description,youtube_bv7s9abfq2i,15,☆ミドル級王座決定戦,☆ミドル級王座決定戦,ターゲットNo.96,,,,,,,,low,Review-only candidate from source_mentions; do not treat as confirmed result.
source-result-0221,youtube_description:youtube_cfrmhlwri38-line-00012,youtube_description:youtube_cfrmhlwri38,youtube_description,youtube_cfrmhlwri38,12,☆ターゲットミドル級タイトルマッチ,☆ターゲットミドル級タイトルマッチ,ターゲットNo.100,,,,,,,,low,Review-only candidate from source_mentions; do not treat as confirmed result.
source-result-0222,youtube_description:youtube_cgzqssiwtgw-line-00024,youtube_description:youtube_cgzqssiwtgw,youtube_description,youtube_cgzqssiwtgw,24,⑧タイトル,⑧タイトル,MAXバウト,,,,,,,,low,Review-only candidate from source_mentions; do not treat as confirmed result.
source-result-0223,youtube_description:youtube_cpov8qao8tg-line-00005,youtube_description:youtube_cpov8qao8tg,youtube_description,youtube_cpov8qao8tg,5,☆M・Hミドル級タイトルマッチ,☆M・Hミドル級タイトルマッチ,マウンテン・ヒーローズNo.38,今回の対戦カード⬇️,,,,,,,low,Review-only candidate from source_mentions; do not treat as confirmed result.
source-result-0224,youtube_description:youtube_dhbctg1olfu-line-00005,youtube_description:youtube_dhbctg1olfu,youtube_description,youtube_dhbctg1olfu,5,⑨タイトル⑩戦いたい相手,⑨タイトル⑩戦いたい相手,MAXバウト,,,,,,,,low,Review-only candidate from source_mentions; do not treat as confirmed result.
source-result-0225,youtube_description:youtube_dkhrnaaksho-line-00004,youtube_description:youtube_dkhrnaaksho,youtube_description,youtube_dkhrnaaksho,4,⑥メジャー戦績⑦主戦団体⑧白グローブ出場回数⑨タイトル⑩戦いたい相手,⑥メジャー戦績⑦主戦団体⑧白グローブ出場回数⑨タイトル⑩戦いたい相手,MAXバウト,,,,,,,,low,Review-only candidate from source_mentions; do not treat as confirmed result.
source-result-0226,youtube_description:youtube_dmjc2rydolm-line-00002,youtube_description:youtube_dmjc2rydolm,youtube_description,youtube_dmjc2rydolm,2,☆ミドル級タイトルマッチ,☆ミドル級タイトルマッチ,ターゲットNo.87,,,,,,,,low,Review-only candidate from source_mentions; do not treat as confirmed result.
source-result-0227,youtube_description:youtube_dpfnqvami3s-line-00002,youtube_description:youtube_dpfnqvami3s,youtube_description,youtube_dpfnqvami3s,2,☆ミドル級ワンマッチ（ノンタイトル）,☆ミドル級ワンマッチ（ノンタイトル）,マウンテン・ヒーローズNo.27,,,,,,,,low,Review-only candidate from source_mentions; do not treat as confirmed result.
source-result-0228,youtube_description:youtube_e9jzz_cm63g-line-00007,youtube_description:youtube_e9jzz_cm63g,youtube_description,youtube_e9jzz_cm63g,7,⑨タイトル⑩戦いたい相手,⑨タイトル⑩戦いたい相手,MAXバウト,,,,,,,,low,Review-only candidate from source_mentions; do not treat as confirmed result.
source-result-0229,youtube_description:youtube_eaovcuisvg-line-00002,youtube_description:youtube_eaovcuisvg,youtube_description,youtube_eaovcuisvg,2,アラカクファミリーのTCクラクション坂本No.1さんに今回のアラカクをKOC準決勝終わり話しました。,アラカクファミリーのTCクラクション坂本No.1さんに今回のアラカクをKOC準決勝終わり話しました。,,,,,KO,KO,,,medium,Review-only candidate from source_mentions; do not treat as confirmed result.
source-result-0230,youtube_description:youtube_eaovcuisvg-line-00016,youtube_description:youtube_eaovcuisvg,youtube_description,youtube_eaovcuisvg,16,☆ライト級タイトルマッチ,☆ライト級タイトルマッチ,ターゲットNo.93,［対戦カード 選手情報］,,,,,,,low,Review-only candidate from source_mentions; do not treat as confirmed result.
source-result-0231,youtube_description:youtube_eaovcuisvg-line-00020,youtube_description:youtube_eaovcuisvg,youtube_description,youtube_eaovcuisvg,20,☆ライト級タイトルマッチ,☆ライト級タイトルマッチ,マウンテン・ヒーローズNo.30,［対戦カード 選手情報］,,,,,,,low,Review-only candidate from source_mentions; do not treat as confirmed result.
source-result-0232,youtube_description:youtube_eddeflnklfy-line-00032,youtube_description:youtube_eddeflnklfy,youtube_description,youtube_eddeflnklfy,32,⑥メジャー戦績⑦主戦団体⑧白グローブ出場回数⑨タイトル⑩戦いたい相手,⑥メジャー戦績⑦主戦団体⑧白グローブ出場回数⑨タイトル⑩戦いたい相手,,,,,,,,,low,Review-only candidate from source_mentions; do not treat as confirmed result.
source-result-0233,youtube_description:youtube_eis5offdwks-line-00006,youtube_description:youtube_eis5offdwks,youtube_description,youtube_eis5offdwks,6,⑨タイトル,⑨タイトル,MAXバウト,,,,,,,,low,Review-only candidate from source_mentions; do not treat as confirmed result.
source-result-0234,youtube_description:youtube_f1u0bfqhu9o-line-00005,youtube_description:youtube_f1u0bfqhu9o,youtube_description,youtube_f1u0bfqhu9o,5,⑥メジャー戦績⑦主戦団体⑧タイトル,⑥メジャー戦績⑦主戦団体⑧タイトル,MAXバウト,,,,,,,,low,Review-only candidate from source_mentions; do not treat as confirmed result.
source-result-0235,youtube_description:youtube_foh5vctjij4-line-00003,youtube_description:youtube_foh5vctjij4,youtube_description,youtube_foh5vctjij4,3,☆ミドル級王座決定戦,☆ミドル級王座決定戦,ターゲットNo.96,,,,,,,,low,Review-only candidate from source_mentions; do not treat as confirmed result.
source-result-0236,youtube_description:youtube_fynnomuod1i-line-00020,youtube_description:youtube_fynnomuod1i,youtube_description,youtube_fynnomuod1i,20,⑨タイトル⑩戦いたい相手,⑨タイトル⑩戦いたい相手,,,,,,,,,low,Review-only candidate from source_mentions; do not treat as confirmed result.
source-result-0237,youtube_description:youtube_ge7twvxd9yu-line-00016,youtube_description:youtube_ge7twvxd9yu,youtube_description,youtube_ge7twvxd9yu,16,【第7回MAXバウトライト級GP二回戦Aブロック】🚨①名前②キャッチコピー③年齢④身長⑤所属ジム⑥メジャー戦績⑦主戦団体⑧白グローブ出場回数⑨タイトル⑩戦いたい相手,【第7回MAXバウトライト級GP二回戦Aブロック】🚨①名前②キャッチコピー③年齢④身長⑤所属ジム⑥メジャー戦績⑦主戦団体⑧白グローブ出場回数⑨タイトル⑩戦いたい相手,,,,,,,,,low,Review-only candidate from source_mentions; do not treat as confirmed result.
source-result-0238,youtube_description:youtube_gehfaqj8kr8-line-00017,youtube_description:youtube_gehfaqj8kr8,youtube_description,youtube_gehfaqj8kr8,17,☆ライト級ワンマッチ（ノンタイトル）,☆ライト級ワンマッチ（ノンタイトル）,,マウンテン・ヒーローズNo.32,,,,,,,low,Review-only candidate from source_mentions; do not treat as confirmed result.
source-result-0239,youtube_description:youtube_gerbahnq_po-line-00006,youtube_description:youtube_gerbahnq_po,youtube_description,youtube_gerbahnq_po,6,⑨タイトル,⑨タイトル,MAXバウト,,,,,,,,low,Review-only candidate from source_mentions; do not treat as confirmed result.
source-result-0240,youtube_description:youtube_gj_hwkw33s-line-00004,youtube_description:youtube_gj_hwkw33s,youtube_description,youtube_gj_hwkw33s,4,⑥メジャー戦績⑦主戦団体⑧白グローブ出場回数⑨タイトル⑩戦いたい相手,⑥メジャー戦績⑦主戦団体⑧白グローブ出場回数⑨タイトル⑩戦いたい相手,MAXバウト,,,,,,,,low,Review-only candidate from source_mentions; do not treat as confirmed result.
source-result-0241,youtube_description:youtube_gmcs_m19ofq-line-00033,youtube_description:youtube_gmcs_m19ofq,youtube_description,youtube_gmcs_m19ofq,33,☆ライト級タイトルマッチ,☆ライト級タイトルマッチ,エンペラーNo.112,,,,,,,,low,Review-only candidate from source_mentions; do not treat as confirmed result.
source-result-0242,youtube_description:youtube_h3la4h4lfck-line-00004,youtube_description:youtube_h3la4h4lfck,youtube_description,youtube_h3la4h4lfck,4,⑥メジャー戦績⑦主戦団体⑧白グローブ出場回数⑨タイトル⑩戦いたい相手,⑥メジャー戦績⑦主戦団体⑧白グローブ出場回数⑨タイトル⑩戦いたい相手,MAXバウト,,,,,,,,low,Review-only candidate from source_mentions; do not treat as confirmed result.
source-result-0243,youtube_description:youtube_hmig9qnqcp8-line-00004,youtube_description:youtube_hmig9qnqcp8,youtube_description,youtube_hmig9qnqcp8,4,⑥メジャー戦績⑦主戦団体⑧白グローブ出場回数⑨タイトル⑩戦いたい相手,⑥メジャー戦績⑦主戦団体⑧白グローブ出場回数⑨タイトル⑩戦いたい相手,MAXバウト,,,,,,,,low,Review-only candidate from source_mentions; do not treat as confirmed result.
source-result-0244,youtube_description:youtube_irt8ikcjj4i-line-00004,youtube_description:youtube_irt8ikcjj4i,youtube_description,youtube_irt8ikcjj4i,4,⑥メジャー戦績⑦主戦団体⑧白グローブ出場回数⑨タイトル⑩戦いたい相手,⑥メジャー戦績⑦主戦団体⑧白グローブ出場回数⑨タイトル⑩戦いたい相手,MAXバウト,,,,,,,,low,Review-only candidate from source_mentions; do not treat as confirmed result.
source-result-0245,youtube_description:youtube_jdzqmwx4vg4-line-00006,youtube_description:youtube_jdzqmwx4vg4,youtube_description,youtube_jdzqmwx4vg4,6,⑨タイトル,⑨タイトル,MAXバウト,,,,,,,,low,Review-only candidate from source_mentions; do not treat as confirmed result.
source-result-0246,youtube_description:youtube_jnyl9hozxwu-line-00028,youtube_description:youtube_jnyl9hozxwu,youtube_description,youtube_jnyl9hozxwu,28,☆ライト級タイトルマッチ,☆ライト級タイトルマッチ,,ターゲットNo.103,,,,,,,low,Review-only candidate from source_mentions; do not treat as confirmed result.
source-result-0247,youtube_description:youtube_jzzlbf7zqqu-line-00033,youtube_description:youtube_jzzlbf7zqqu,youtube_description,youtube_jzzlbf7zqqu,33,☆ライト級タイトルマッチ,☆ライト級タイトルマッチ,,,,,,,,,low,Review-only candidate from source_mentions; do not treat as confirmed result.
source-result-0248,youtube_description:youtube_krrg8fyx6gq-line-00032,youtube_description:youtube_krrg8fyx6gq,youtube_description,youtube_krrg8fyx6gq,32,⑥メジャー戦績⑦主戦団体⑧白グローブ出場回数⑨タイトル⑩戦いたい相手,⑥メジャー戦績⑦主戦団体⑧白グローブ出場回数⑨タイトル⑩戦いたい相手,,,,,,,,,low,Review-only candidate from source_mentions; do not treat as confirmed result.
source-result-0249,youtube_description:youtube_l0y4gy4llq0-line-00004,youtube_description:youtube_l0y4gy4llq0,youtube_description,youtube_l0y4gy4llq0,4,⑥メジャー戦績⑦主戦団体⑧白グローブ出場回数⑨タイトル⑩戦いたい相手,⑥メジャー戦績⑦主戦団体⑧白グローブ出場回数⑨タイトル⑩戦いたい相手,MAXバウト,,,,,,,,low,Review-only candidate from source_mentions; do not treat as confirmed result.
source-result-0250,youtube_description:youtube_lj_cbs1xmiq-line-00021,youtube_description:youtube_lj_cbs1xmiq,youtube_description,youtube_lj_cbs1xmiq,21,⑨タイトル⑩戦いたい相手,⑨タイトル⑩戦いたい相手,MAXバウト,,,,,,,,low,Review-only candidate from source_mentions; do not treat as confirmed result.
source-result-0251,youtube_description:youtube_lk45sjahdk0-line-00004,youtube_description:youtube_lk45sjahdk0,youtube_description,youtube_lk45sjahdk0,4,⑥メジャー戦績⑦主戦団体⑧白グローブ出場回数⑨タイトル⑩戦いたい相手,⑥メジャー戦績⑦主戦団体⑧白グローブ出場回数⑨タイトル⑩戦いたい相手,MAXバウト,,,,,,,,low,Review-only candidate from source_mentions; do not treat as confirmed result.
source-result-0252,youtube_description:youtube_lrsezu2mkwi-line-00006,youtube_description:youtube_lrsezu2mkwi,youtube_description,youtube_lrsezu2mkwi,6,⑨タイトル,⑨タイトル,MAXバウト,,,,,,,,low,Review-only candidate from source_mentions; do not treat as confirmed result.
source-result-0253,youtube_description:youtube_lzu1p7ujdos-line-00024,youtube_description:youtube_lzu1p7ujdos,youtube_description,youtube_lzu1p7ujdos,24,⑧タイトル,⑧タイトル,MAXバウト,,,,,,,,low,Review-only candidate from source_mentions; do not treat as confirmed result.
source-result-0254,youtube_description:youtube_mnp9fbyafra-line-00012,youtube_description:youtube_mnp9fbyafra,youtube_description,youtube_mnp9fbyafra,12,②キラーファイトのKOキング,②キラーファイトのKOキング,,,,,KO,KO,,,medium,Review-only candidate from source_mentions; do not treat as confirmed result.
source-result-0255,youtube_description:youtube_mnp9fbyafra-line-00020,youtube_description:youtube_mnp9fbyafra,youtube_description,youtube_mnp9fbyafra,20,⑨タイトル⑩戦いたい相手,⑨タイトル⑩戦いたい相手,,,,,,,,,low,Review-only candidate from source_mentions; do not treat as confirmed result.
source-result-0256,youtube_description:youtube_mnuuhlkn1lm-line-00002,youtube_description:youtube_mnuuhlkn1lm,youtube_description,youtube_mnuuhlkn1lm,2,☆ライト級タイトルマッチ,☆ライト級タイトルマッチ,ターゲットNo.87,,,,,,,,low,Review-only candidate from source_mentions; do not treat as confirmed result.
source-result-0257,youtube_description:youtube_mzffdb97ygw-line-00006,youtube_description:youtube_mzffdb97ygw,youtube_description,youtube_mzffdb97ygw,6,⑨タイトル,⑨タイトル,MAXバウト,,,,,,,,low,Review-only candidate from source_mentions; do not treat as confirmed result.
source-result-0258,youtube_description:youtube_mzsxwh_pvtq-line-00004,youtube_description:youtube_mzsxwh_pvtq,youtube_description,youtube_mzsxwh_pvtq,4,⑥メジャー戦績⑦主戦団体⑧白グローブ出場回数⑨タイトル⑩戦いたい相手,⑥メジャー戦績⑦主戦団体⑧白グローブ出場回数⑨タイトル⑩戦いたい相手,MAXバウト,,,,,,,,low,Review-only candidate from source_mentions; do not treat as confirmed result.
source-result-0259,youtube_description:youtube_nm0ig9mdpi-line-00002,youtube_description:youtube_nm0ig9mdpi,youtube_description,youtube_nm0ig9mdpi,2,☆M・Hミドル級タイトルマッチ,☆M・Hミドル級タイトルマッチ,マウンテン・ヒーローズNo.38,,,,,,,,low,Review-only candidate from source_mentions; do not treat as confirmed result.
source-result-0260,youtube_description:youtube_oftn9vz7u2c-line-00008,youtube_description:youtube_oftn9vz7u2c,youtube_description,youtube_oftn9vz7u2c,8,⑥メジャー戦績⑦主戦団体⑧タイトル,⑥メジャー戦績⑦主戦団体⑧タイトル,MAXバウト,,,,,,,,low,Review-only candidate from source_mentions; do not treat as confirmed result.
source-result-0261,youtube_description:youtube_ofy3tcobh3m-line-00028,youtube_description:youtube_ofy3tcobh3m,youtube_description,youtube_ofy3tcobh3m,28,☆ライト級タイトルマッチ,☆ライト級タイトルマッチ,,ターゲットNo.103,,,,,,,low,Review-only candidate from source_mentions; do not treat as confirmed result.
source-result-0262,youtube_description:youtube_ooihz_c01e0-line-00005,youtube_description:youtube_ooihz_c01e0,youtube_description,youtube_ooihz_c01e0,5,⑥メジャー戦績⑦主戦団体⑧タイトル,⑥メジャー戦績⑦主戦団体⑧タイトル,MAXバウト,,,,,,,,low,Review-only candidate from source_mentions; do not treat as confirmed result.
source-result-0263,youtube_description:youtube_opylhps0jq0-line-00005,youtube_description:youtube_opylhps0jq0,youtube_description,youtube_opylhps0jq0,5,⑧タイトル,⑧タイトル,MAXバウト,,,,,,,,low,Review-only candidate from source_mentions; do not treat as confirmed result.
source-result-0264,youtube_description:youtube_ose37zk9f4i-line-00032,youtube_description:youtube_ose37zk9f4i,youtube_description,youtube_ose37zk9f4i,32,⑥メジャー戦績⑦主戦団体⑧白グローブ出場回数⑨タイトル⑩戦いたい相手,⑥メジャー戦績⑦主戦団体⑧白グローブ出場回数⑨タイトル⑩戦いたい相手,,,,,,,,,low,Review-only candidate from source_mentions; do not treat as confirmed result.
source-result-0265,youtube_description:youtube_oynlvwudspu-line-00006,youtube_description:youtube_oynlvwudspu,youtube_description,youtube_oynlvwudspu,6,⑨タイトル,⑨タイトル,MAXバウト,①ランダーデビル ②［デビル軍の絶対的エース］,,,,,,,low,Review-only candidate from source_mentions; do not treat as confirmed result.
source-result-0266,youtube_description:youtube_p3fcqirkjvc-line-00005,youtube_description:youtube_p3fcqirkjvc,youtube_description,youtube_p3fcqirkjvc,5,⑨タイトル⑩戦いたい相手,⑨タイトル⑩戦いたい相手,MAXバウト,,,,,,,,low,Review-only candidate from source_mentions; do not treat as confirmed result.
source-result-0267,youtube_description:youtube_p3fcqirkjvc-line-00033,youtube_description:youtube_p3fcqirkjvc,youtube_description,youtube_p3fcqirkjvc,33,②キラーファイトのKOキング,②キラーファイトのKOキング,,,,,KO,KO,,,medium,Review-only candidate from source_mentions; do not treat as confirmed result.
source-result-0268,youtube_description:youtube_poxcdgnhpgk-line-00005,youtube_description:youtube_poxcdgnhpgk,youtube_description,youtube_poxcdgnhpgk,5,⑨タイトル⑩戦いたい相手,⑨タイトル⑩戦いたい相手,MAXバウト,,,,,,,,low,Review-only candidate from source_mentions; do not treat as confirmed result.
source-result-0269,youtube_description:youtube_poxcdgnhpgk-line-00092,youtube_description:youtube_poxcdgnhpgk,youtube_description,youtube_poxcdgnhpgk,92,②キラーファイトのKOキング,②キラーファイトのKOキング,,,,,KO,KO,,,medium,Review-only candidate from source_mentions; do not treat as confirmed result.
source-result-0270,youtube_description:youtube_pqgj9gaeo6g-line-00006,youtube_description:youtube_pqgj9gaeo6g,youtube_description,youtube_pqgj9gaeo6g,6,☆ターゲットミドル級タイトルマッチ,☆ターゲットミドル級タイトルマッチ,MAXバウト,ターゲットNo.100,,,,,,,low,Review-only candidate from source_mentions; do not treat as confirmed result.
source-result-0271,youtube_description:youtube_pqgj9gaeo6g-line-00015,youtube_description:youtube_pqgj9gaeo6g,youtube_description,youtube_pqgj9gaeo6g,15,☆ターゲットライト級タイトルマッチ,☆ターゲットライト級タイトルマッチ,MAXバウト,,,,,,,,low,Review-only candidate from source_mentions; do not treat as confirmed result.
source-result-0272,youtube_description:youtube_prn6degpxui-line-00005,youtube_description:youtube_prn6degpxui,youtube_description,youtube_prn6degpxui,5,⑨タイトル⑩戦いたい相手,⑨タイトル⑩戦いたい相手,MAXバウト,,,,,,,,low,Review-only candidate from source_mentions; do not treat as confirmed result.
source-result-0273,youtube_description:youtube_pujzpgtph2w-line-00031,youtube_description:youtube_pujzpgtph2w,youtube_description,youtube_pujzpgtph2w,31,⑥メジャー戦績⑦主戦団体⑧白グローブ出場回数⑨タイトル⑩戦いたい相手,⑥メジャー戦績⑦主戦団体⑧白グローブ出場回数⑨タイトル⑩戦いたい相手,,,,,,,,,low,Review-only candidate from source_mentions; do not treat as confirmed result.
source-result-0274,youtube_description:youtube_pvujuvxd4a4-line-00006,youtube_description:youtube_pvujuvxd4a4,youtube_description,youtube_pvujuvxd4a4,6,⑨タイトル,⑨タイトル,MAXバウト,,,,,,,,low,Review-only candidate from source_mentions; do not treat as confirmed result.
source-result-0275,youtube_description:youtube_pzlpry9qwaw-line-00005,youtube_description:youtube_pzlpry9qwaw,youtube_description,youtube_pzlpry9qwaw,5,⑨タイトル⑩戦いたい相手,⑨タイトル⑩戦いたい相手,MAXバウト,,,,,,,,low,Review-only candidate from source_mentions; do not treat as confirmed result.
source-result-0276,youtube_description:youtube_qecknlomyoy-line-00028,youtube_description:youtube_qecknlomyoy,youtube_description,youtube_qecknlomyoy,28,☆ライト級タイトルマッチ,☆ライト級タイトルマッチ,,ターゲットNo.103,,,,,,,low,Review-only candidate from source_mentions; do not treat as confirmed result.
source-result-0277,youtube_description:youtube_qfiwnhcogvu-line-00005,youtube_description:youtube_qfiwnhcogvu,youtube_description,youtube_qfiwnhcogvu,5,⑥メジャー戦績⑦タイトル,⑥メジャー戦績⑦タイトル,マウンテン・ヒーローズNo.29,,,,,,,,low,Review-only candidate from source_mentions; do not treat as confirmed result.
source-result-0278,youtube_description:youtube_qfiwnhcogvu-line-00006,youtube_description:youtube_qfiwnhcogvu,youtube_description,youtube_qfiwnhcogvu,6,☆ミドル級タイトルマッチ,☆ミドル級タイトルマッチ,MAXバウト,,,,,,,,low,Review-only candidate from source_mentions; do not treat as confirmed result.
source-result-0279,youtube_description:youtube_qh7lihmzubc-line-00031,youtube_description:youtube_qh7lihmzubc,youtube_description,youtube_qh7lihmzubc,31,⑥メジャー戦績⑦主戦団体⑧白グローブ出場回数⑨タイトル⑩戦いたい相手,⑥メジャー戦績⑦主戦団体⑧白グローブ出場回数⑨タイトル⑩戦いたい相手,,,,,,,,,low,Review-only candidate from source_mentions; do not treat as confirmed result.
source-result-0280,youtube_description:youtube_qtswvquloji-line-00005,youtube_description:youtube_qtswvquloji,youtube_description,youtube_qtswvquloji,5,⑥メジャー戦績⑦主戦団体⑧タイトル,⑥メジャー戦績⑦主戦団体⑧タイトル,MAXバウト,,,,,,,,low,Review-only candidate from source_mentions; do not treat as confirmed result.
source-result-0281,youtube_description:youtube_qwxsvgtscqe-line-00002,youtube_description:youtube_qwxsvgtscqe,youtube_description,youtube_qwxsvgtscqe,2,☆エンペラーライト級タイトルマッチ,☆エンペラーライト級タイトルマッチ,エンペラーNo.115,,,,,,,,low,Review-only candidate from source_mentions; do not treat as confirmed result.
source-result-0282,youtube_description:youtube_qwxsvgtscqe-line-00005,youtube_description:youtube_qwxsvgtscqe,youtube_description,youtube_qwxsvgtscqe,5,【6勝1敗】防衛①,【6勝1敗】防衛①,エンペラーNo.115,,,,,,,,low,Review-only candidate from source_mentions; do not treat as confirmed result.
source-result-0283,youtube_description:youtube_rdxzmcp2uli-line-00003,youtube_description:youtube_rdxzmcp2uli,youtube_description,youtube_rdxzmcp2uli,3,☆ターゲットミドル級タイトルマッチ,☆ターゲットミドル級タイトルマッチ,ターゲットNo.101,ターゲットNo.101,,,,,,,low,Review-only candidate from source_mentions; do not treat as confirmed result.
source-result-0284,youtube_description:youtube_rf00mmmm8m0-line-00052,youtube_description:youtube_rf00mmmm8m0,youtube_description,youtube_rf00mmmm8m0,52,☆ライト級タイトルマッチ,☆ライト級タイトルマッチ,,,,,,,,,low,Review-only candidate from source_mentions; do not treat as confirmed result.
source-result-0285,youtube_description:youtube_s3nteou2hx8-line-00002,youtube_description:youtube_s3nteou2hx8,youtube_description,youtube_s3nteou2hx8,2,①エンペラーNo.115ライト級タイトルマッチ,①エンペラーNo.115ライト級タイトルマッチ,,,,,,,,,low,Review-only candidate from source_mentions; do not treat as confirmed result.
source-result-0286,youtube_description:youtube_s3nteou2hx8-line-00008,youtube_description:youtube_s3nteou2hx8,youtube_description,youtube_s3nteou2hx8,8,②ターゲットNo.96ミドル級王座決定戦,②ターゲットNo.96ミドル級王座決定戦,,,,,,,,,low,Review-only candidate from source_mentions; do not treat as confirmed result.
source-result-0287,youtube_description:youtube_s3nteou2hx8-line-00035,youtube_description:youtube_s3nteou2hx8,youtube_description,youtube_s3nteou2hx8,35,https://youtu.be/qx9QZiZzRu8?si=AsdqwszqFpD4GF2C,https://youtu.be/qx9QZiZzRu8?si=AsdqwszqFpD4GF2C,エンペラーNo.114,,,,DQ,dq,,,medium,Review-only candidate from source_mentions; do not treat as confirmed result.
source-result-0288,youtube_description:youtube_siibzv70fww-line-00005,youtube_description:youtube_siibzv70fww,youtube_description,youtube_siibzv70fww,5,⑧タイトル,⑧タイトル,MAXバウト,,,,,,,,low,Review-only candidate from source_mentions; do not treat as confirmed result.
source-result-0289,youtube_description:youtube_siu9zufuwuq-line-00032,youtube_description:youtube_siu9zufuwuq,youtube_description,youtube_siu9zufuwuq,32,⑥メジャー戦績⑦主戦団体⑧白グローブ出場回数⑨タイトル⑩戦いたい相手,⑥メジャー戦績⑦主戦団体⑧白グローブ出場回数⑨タイトル⑩戦いたい相手,,,,,,,,,low,Review-only candidate from source_mentions; do not treat as confirmed result.
source-result-0290,youtube_description:youtube_surk9nnwoxi-line-00006,youtube_description:youtube_surk9nnwoxi,youtube_description,youtube_surk9nnwoxi,6,⑨タイトル,⑨タイトル,MAXバウト,,,,,,,,low,Review-only candidate from source_mentions; do not treat as confirmed result.
source-result-0291,youtube_description:youtube_sxu4xadywj4-line-00005,youtube_description:youtube_sxu4xadywj4,youtube_description,youtube_sxu4xadywj4,5,⑨タイトル⑩戦いたい相手,⑨タイトル⑩戦いたい相手,MAXバウト,,,,,,,,low,Review-only candidate from source_mentions; do not treat as confirmed result.
source-result-0292,youtube_description:youtube_szekaoaieb8-line-00008,youtube_description:youtube_szekaoaieb8,youtube_description,youtube_szekaoaieb8,8,⑨タイトル⑩戦いたい相手,⑨タイトル⑩戦いたい相手,MAXバウト,,,,,,,,low,Review-only candidate from source_mentions; do not treat as confirmed result.
source-result-0293,youtube_description:youtube_tnbfzyuctfo-line-00005,youtube_description:youtube_tnbfzyuctfo,youtube_description,youtube_tnbfzyuctfo,5,⑨タイトル⑩戦いたい相手,⑨タイトル⑩戦いたい相手,MAXバウト,,,,,,,,low,Review-only candidate from source_mentions; do not treat as confirmed result.
source-result-0294,youtube_description:youtube_trhpbjg3e9i-line-00012,youtube_description:youtube_trhpbjg3e9i,youtube_description,youtube_trhpbjg3e9i,12,☆ターゲットライト級タイトルマッチ,☆ターゲットライト級タイトルマッチ,ターゲットNo.100,,,,,,,,low,Review-only candidate from source_mentions; do not treat as confirmed result.
source-result-0295,youtube_description:youtube_tuog5suk_fo-line-00005,youtube_description:youtube_tuog5suk_fo,youtube_description,youtube_tuog5suk_fo,5,⑧タイトル,⑧タイトル,MAXバウト,,,,,,,,low,Review-only candidate from source_mentions; do not treat as confirmed result.
source-result-0296,youtube_description:youtube_u8b1_0fnkx8-line-00004,youtube_description:youtube_u8b1_0fnkx8,youtube_description,youtube_u8b1_0fnkx8,4,⑥メジャー戦績⑦主戦団体⑧白グローブ出場回数⑨タイトル⑩戦いたい相手,⑥メジャー戦績⑦主戦団体⑧白グローブ出場回数⑨タイトル⑩戦いたい相手,MAXバウト,,,,,,,,low,Review-only candidate from source_mentions; do not treat as confirmed result.
source-result-0297,youtube_description:youtube_udtntbd9neu-line-00022,youtube_description:youtube_udtntbd9neu,youtube_description,youtube_udtntbd9neu,22,⑨タイトル⑩戦いたい相手,⑨タイトル⑩戦いたい相手,,,,,,,,,low,Review-only candidate from source_mentions; do not treat as confirmed result.
source-result-0298,youtube_description:youtube_umme48uzwwk-line-00001,youtube_description:youtube_umme48uzwwk,youtube_description,youtube_umme48uzwwk,1,☆ライト級タイトルマッチ,☆ライト級タイトルマッチ,,,,,,,,,low,Review-only candidate from source_mentions; do not treat as confirmed result.
source-result-0299,youtube_description:youtube_uqc4ki4qmai-line-00016,youtube_description:youtube_uqc4ki4qmai,youtube_description,youtube_uqc4ki4qmai,16,【第7回MAXバウトライト級GP二回戦Aブロック】🚨①名前②キャッチコピー③年齢④身長⑤所属ジム⑥メジャー戦績⑦主戦団体⑧白グローブ出場回数⑨タイトル⑩戦いたい相手,【第7回MAXバウトライト級GP二回戦Aブロック】🚨①名前②キャッチコピー③年齢④身長⑤所属ジム⑥メジャー戦績⑦主戦団体⑧白グローブ出場回数⑨タイトル⑩戦いたい相手,MAXバウト,,,,,,,,low,Review-only candidate from source_mentions; do not treat as confirmed result.
source-result-0300,youtube_description:youtube_us8ne3rhqsq-line-00004,youtube_description:youtube_us8ne3rhqsq,youtube_description,youtube_us8ne3rhqsq,4,⑥メジャー戦績⑦主戦団体⑧白グローブ出場回数⑨タイトル⑩戦いたい相手,⑥メジャー戦績⑦主戦団体⑧白グローブ出場回数⑨タイトル⑩戦いたい相手,MAXバウト,,,,,,,,low,Review-only candidate from source_mentions; do not treat as confirmed result.
source-result-0301,youtube_description:youtube_vbacvhixam4-line-00024,youtube_description:youtube_vbacvhixam4,youtube_description,youtube_vbacvhixam4,24,⑧タイトル,⑧タイトル,MAXバウト,,,,,,,,low,Review-only candidate from source_mentions; do not treat as confirmed result.
source-result-0302,youtube_description:youtube_veyyj1akdtc-line-00005,youtube_description:youtube_veyyj1akdtc,youtube_description,youtube_veyyj1akdtc,5,⑨タイトル⑩戦いたい相手,⑨タイトル⑩戦いたい相手,MAXバウト,,,,,,,,low,Review-only candidate from source_mentions; do not treat as confirmed result.
source-result-0303,youtube_description:youtube_voqcotsamwi-line-00023,youtube_description:youtube_voqcotsamwi,youtube_description,youtube_voqcotsamwi,23,⑨タイトル⑩戦いたい相手,⑨タイトル⑩戦いたい相手,,,,,,,,,low,Review-only candidate from source_mentions; do not treat as confirmed result.
source-result-0304,youtube_description:youtube_voviksvmlrk-line-00002,youtube_description:youtube_voviksvmlrk,youtube_description,youtube_voviksvmlrk,2,☆ライト級ワンマッチ（ノンタイトル）,☆ライト級ワンマッチ（ノンタイトル）,マウンテン・ヒーローズNo.32,,,,,,,,low,Review-only candidate from source_mentions; do not treat as confirmed result.
source-result-0305,youtube_description:youtube_vplbxarc3pc-line-00003,youtube_description:youtube_vplbxarc3pc,youtube_description,youtube_vplbxarc3pc,3,☆ターゲットミドル級タイトルマッチ,☆ターゲットミドル級タイトルマッチ,ターゲットNo.101,,,,,,,,low,Review-only candidate from source_mentions; do not treat as confirmed result.
source-result-0306,youtube_description:youtube_vvxae1wlsxm-line-00005,youtube_description:youtube_vvxae1wlsxm,youtube_description,youtube_vvxae1wlsxm,5,⑨タイトル⑩戦いたい相手,⑨タイトル⑩戦いたい相手,MAXバウト,,,,,,,,low,Review-only candidate from source_mentions; do not treat as confirmed result.
source-result-0307,youtube_description:youtube_w882wsm09lc-line-00022,youtube_description:youtube_w882wsm09lc,youtube_description,youtube_w882wsm09lc,22,⑨タイトル⑩戦いたい相手,⑨タイトル⑩戦いたい相手,,,,,,,,,low,Review-only candidate from source_mentions; do not treat as confirmed result.
source-result-0308,youtube_description:youtube_wzlhskwpiwo-line-00005,youtube_description:youtube_wzlhskwpiwo,youtube_description,youtube_wzlhskwpiwo,5,⑨タイトル⑩戦いたい相手,⑨タイトル⑩戦いたい相手,MAXバウト,,,,,,,,low,Review-only candidate from source_mentions; do not treat as confirmed result.
source-result-0309,youtube_description:youtube_x1t1w3rqpb0-line-00004,youtube_description:youtube_x1t1w3rqpb0,youtube_description,youtube_x1t1w3rqpb0,4,⑥メジャー戦績⑦主戦団体⑧白グローブ出場回数⑨タイトル⑩戦いたい相手,⑥メジャー戦績⑦主戦団体⑧白グローブ出場回数⑨タイトル⑩戦いたい相手,MAXバウト,,,,,,,,low,Review-only candidate from source_mentions; do not treat as confirmed result.
source-result-0310,youtube_description:youtube_xchkwjueaku-line-00002,youtube_description:youtube_xchkwjueaku,youtube_description,youtube_xchkwjueaku,2,☆ライト級タイトルマッチ,☆ライト級タイトルマッチ,ターゲットNo.93,,,,,,,,low,Review-only candidate from source_mentions; do not treat as confirmed result.
source-result-0311,youtube_description:youtube_xogycqouw_e-line-00004,youtube_description:youtube_xogycqouw_e,youtube_description,youtube_xogycqouw_e,4,☆ライト級タイトルマッチ,☆ライト級タイトルマッチ,エンペラーNo.112,,,,,,,,low,Review-only candidate from source_mentions; do not treat as confirmed result.
source-result-0312,youtube_description:youtube_xxhhyfb8kq-line-00006,youtube_description:youtube_xxhhyfb8kq,youtube_description,youtube_xxhhyfb8kq,6,⑨タイトル,⑨タイトル,MAXバウト,,,,,,,,low,Review-only candidate from source_mentions; do not treat as confirmed result.
source-result-0313,youtube_description:youtube_ydoljrr9udo-line-00016,youtube_description:youtube_ydoljrr9udo,youtube_description,youtube_ydoljrr9udo,16,☆エンペラーライト級タイトルマッチ,☆エンペラーライト級タイトルマッチ,MAXバウト,エンペラーNo.115,,,,,,,low,Review-only candidate from source_mentions; do not treat as confirmed result.
source-result-0314,youtube_description:youtube_ydoljrr9udo-line-00017,youtube_description:youtube_ydoljrr9udo,youtube_description,youtube_ydoljrr9udo,17,🟥マルコ・フレイザー【王者】31歳170cm ユーリンジム【6勝1敗】防衛①,🟥マルコ・フレイザー【王者】31歳170cm ユーリンジム【6勝1敗】防衛①,MAXバウト,エンペラーNo.115,,,,,,,low,Review-only candidate from source_mentions; do not treat as confirmed result.
source-result-0315,youtube_description:youtube_yliawvelzbm-line-00032,youtube_description:youtube_yliawvelzbm,youtube_description,youtube_yliawvelzbm,32,⑥メジャー戦績⑦主戦団体⑧白グローブ出場回数⑨タイトル⑩戦いたい相手,⑥メジャー戦績⑦主戦団体⑧白グローブ出場回数⑨タイトル⑩戦いたい相手,,,,,,,,,low,Review-only candidate from source_mentions; do not treat as confirmed result.
source-result-0316,youtube_description:youtube_ysyzts9p7uo-line-00004,youtube_description:youtube_ysyzts9p7uo,youtube_description,youtube_ysyzts9p7uo,4,⑥メジャー戦績⑦主戦団体⑧白グローブ出場回数⑨タイトル⑩戦いたい相手,⑥メジャー戦績⑦主戦団体⑧白グローブ出場回数⑨タイトル⑩戦いたい相手,MAXバウト,,,,,,,,low,Review-only candidate from source_mentions; do not treat as confirmed result.
source-result-0317,youtube_description:youtube_z5lialvefc-line-00006,youtube_description:youtube_z5lialvefc,youtube_description,youtube_z5lialvefc,6,⑨タイトル,⑨タイトル,MAXバウト,①ランダーデビル ②［デビル軍の絶対的エース］,,,,,,,low,Review-only candidate from source_mentions; do not treat as confirmed result.
source-result-0318,youtube_description:youtube_zgnhiht4uss-line-00006,youtube_description:youtube_zgnhiht4uss,youtube_description,youtube_zgnhiht4uss,6,⑧タイトル,⑧タイトル,MAXバウト,,,,,,,,low,Review-only candidate from source_mentions; do not treat as confirmed result.
source-result-0319,youtube_description:youtube_zmcyei8g3mi-line-00008,youtube_description:youtube_zmcyei8g3mi,youtube_description,youtube_zmcyei8g3mi,8,⑨タイトル⑩戦いたい相手,⑨タイトル⑩戦いたい相手,MAXバウト,,,,,,,,low,Review-only candidate from source_mentions; do not treat as confirmed result.
source-result-0320,youtube_description:youtube_zoa9z26fng0-line-00031,youtube_description:youtube_zoa9z26fng0,youtube_description,youtube_zoa9z26fng0,31,⑥メジャー戦績⑦主戦団体⑧白グローブ出場回数⑨タイトル⑩戦いたい相手,⑥メジャー戦績⑦主戦団体⑧白グローブ出場回数⑨タイトル⑩戦いたい相手,,,,,,,,,low,Review-only candidate from source_mentions; do not treat as confirmed result.
source-result-0321,youtube_description:youtube_zp7rkliamr4-line-00006,youtube_description:youtube_zp7rkliamr4,youtube_description,youtube_zp7rkliamr4,6,⑨タイトル,⑨タイトル,MAXバウト,,,,,,,,low,Review-only candidate from source_mentions; do not treat as confirmed result.
