participant_id,bout_id,side,fighter_id,fighter_name,corner,result
target-103-01-red,target-103-01,red,waku,わく,,win
target-103-01-blue,target-103-01,blue,tsukurihara,つくりはら,,loss
target-103-02-red,target-103-02,red,otosawa,おとさわ,,loss
target-103-02-blue,target-103-02,blue,aurora_devil,オーロラデビル,,win
target-103-03-red,target-103-03,red,kintoki,きんとき,,loss
target-103-03-blue,target-103-03,blue,zamon,ザモン,,win
target-103-04-red,target-103-04,red,kabei,かべい,,win
target-103-04-blue,target-103-04,blue,frank_dakuta,フランク・ダクタ,,loss
target-103-05-red,target-103-05,red,aribel_aribera,アリベル・アリベラ,,loss
target-103-05-blue,target-103-05,blue,washikaga,わしかが,,win
mh-39-p5x_vjofkfi-red,mh-39-p5x_vjofkfi,red,python_hayashi,ぱいそんはやし,,unknown
mh-39-p5x_vjofkfi-blue,mh-39-p5x_vjofkfi,blue,janimad_tospach_live_public_viewing_ver,Janimad Tospach Live Public Viewing ver.,,unknown
max-bout-7-lightweight-gp-qh7lihmzubc-red,max-bout-7-lightweight-gp-qh7lihmzubc,red,sangoku,さんごく,,loss
max-bout-7-lightweight-gp-qh7lihmzubc-blue,max-bout-7-lightweight-gp-qh7lihmzubc,blue,fighter_25fddbaacc,ダブド・ガブリシャン,,win
max-bout-7-lightweight-gp-krrg8fyx6gq-red,max-bout-7-lightweight-gp-krrg8fyx6gq,red,waku,わく,,unknown
max-bout-7-lightweight-gp-krrg8fyx6gq-blue,max-bout-7-lightweight-gp-krrg8fyx6gq,blue,rolling_jr,ローリングジュニア,,unknown
max-bout-7-lightweight-gp-siu9zufuwuq-red,max-bout-7-lightweight-gp-siu9zufuwuq,red,fighter_82d519db98,イスカン・アステ,,unknown
max-bout-7-lightweight-gp-siu9zufuwuq-blue,max-bout-7-lightweight-gp-siu9zufuwuq,blue,kitamura,きたむら,,unknown
max-bout-7-lightweight-gp-ose37zk9f4i-red,max-bout-7-lightweight-gp-ose37zk9f4i,red,marco_fraser,マルコ・フレイザー,,unknown
max-bout-7-lightweight-gp-ose37zk9f4i-blue,max-bout-7-lightweight-gp-ose37zk9f4i,blue,fighter_cdb8d47163,ワインセル,,unknown
max-bout-7-lightweight-gp-ge7twvxd9yu-red,max-bout-7-lightweight-gp-ge7twvxd9yu,red,fighter_25fddbaacc,ダブド・ガブリシャン,,unknown
max-bout-7-lightweight-gp-ge7twvxd9yu-blue,max-bout-7-lightweight-gp-ge7twvxd9yu,blue,rolling_jr,ローリングジュニア,,unknown
max-bout-7-lightweight-gp-2cpxeyxdlp8-red,max-bout-7-lightweight-gp-2cpxeyxdlp8,red,colt_apro,コルト・アプロー,,unknown
max-bout-7-lightweight-gp-2cpxeyxdlp8-blue,max-bout-7-lightweight-gp-2cpxeyxdlp8,blue,blue_one,ブルーワン,,unknown
max-bout-7-lightweight-gp-3iszag1c2f0-red,max-bout-7-lightweight-gp-3iszag1c2f0,red,fighter_82d519db98,イスカン・アステ,,unknown
max-bout-7-lightweight-gp-3iszag1c2f0-blue,max-bout-7-lightweight-gp-3iszag1c2f0,blue,marco_fraser,マルコ・フレイザー,,unknown
max-bout-7-lightweight-gp-uqc4ki4qmai-red,max-bout-7-lightweight-gp-uqc4ki4qmai,red,tsukurihara,つくりはら,,loss
max-bout-7-lightweight-gp-uqc4ki4qmai-blue,max-bout-7-lightweight-gp-uqc4ki4qmai,blue,lander_devil,ランダーデビル,,win
max-bout-unknown-special-one-match-4tzgvgx7cg8-red,max-bout-unknown-special-one-match-4tzgvgx7cg8,red,misa_will_joe,ミサ・ウィル・ジョー,,unknown
max-bout-unknown-special-one-match-4tzgvgx7cg8-blue,max-bout-unknown-special-one-match-4tzgvgx7cg8,blue,rouged_starry,ルージュド・スターリー,,unknown
max-bout-unknown-special-one-match-lzu1p7ujdos-red,max-bout-unknown-special-one-match-lzu1p7ujdos,red,tail_junk,テール・ジャンク,,unknown
max-bout-unknown-special-one-match-lzu1p7ujdos-blue,max-bout-unknown-special-one-match-lzu1p7ujdos,blue,fighter_cc477f9dcf,タイプ・ジー,,unknown
max-bout-unknown-special-one-match-cgzqssiwtgw-red,max-bout-unknown-special-one-match-cgzqssiwtgw,red,fighter_5d7998006d,ダイス・ヴォルケード,,unknown
max-bout-unknown-special-one-match-cgzqssiwtgw-blue,max-bout-unknown-special-one-match-cgzqssiwtgw,blue,fighter_392d495da8,ライン・デュオ,,unknown
max-bout-unknown-special-one-match-7jwrin5qehm-red,max-bout-unknown-special-one-match-7jwrin5qehm,red,kabei,かべい,,unknown
max-bout-unknown-special-one-match-7jwrin5qehm-blue,max-bout-unknown-special-one-match-7jwrin5qehm,blue,sakaeda,さかえだ,,unknown
max-bout-unknown-special-one-match-vbacvhixam4-red,max-bout-unknown-special-one-match-vbacvhixam4,red,otosawa,おとさわ,,unknown
max-bout-unknown-special-one-match-vbacvhixam4-blue,max-bout-unknown-special-one-match-vbacvhixam4,blue,rancher_sugaya,らんちゃーすがや,,unknown
max-bout-7-lightweight-gp-eddeflnklfy-red,max-bout-7-lightweight-gp-eddeflnklfy,red,colt_apro,コルト・アプロー,,unknown
max-bout-7-lightweight-gp-eddeflnklfy-blue,max-bout-7-lightweight-gp-eddeflnklfy,blue,daina,だいな,,unknown
max-bout-7-lightweight-gp-zoa9z26fng0-red,max-bout-7-lightweight-gp-zoa9z26fng0,red,kuwashio,くわしお,,unknown
max-bout-7-lightweight-gp-zoa9z26fng0-blue,max-bout-7-lightweight-gp-zoa9z26fng0,blue,blue_one,ブルーワン,,unknown
max-bout-7-lightweight-gp-pujzpgtph2w-red,max-bout-7-lightweight-gp-pujzpgtph2w,red,tsukurihara,つくりはら,,win
max-bout-7-lightweight-gp-pujzpgtph2w-blue,max-bout-7-lightweight-gp-pujzpgtph2w,blue,fighter_30b7a4a468,ステシエン・チェット,,loss
max-bout-7-lightweight-gp-yliawvelzbm-red,max-bout-7-lightweight-gp-yliawvelzbm,red,lander_devil,ランダーデビル,,unknown
max-bout-7-lightweight-gp-yliawvelzbm-blue,max-bout-7-lightweight-gp-yliawvelzbm,blue,fighter_a5b1c7ad26,キマイラ,,unknown
max-bout-unknown-lightweight-tournament-574ikyazfj4-red,max-bout-unknown-lightweight-tournament-574ikyazfj4,red,marco_fraser,マルコ・フレイザー,,unknown
max-bout-unknown-lightweight-tournament-574ikyazfj4-blue,max-bout-unknown-lightweight-tournament-574ikyazfj4,blue,fighter_25fddbaacc,ダブド・ガブリシャン,,unknown
max-bout-unknown-lightweight-tournament-f1u0bfqhu9o-red,max-bout-unknown-lightweight-tournament-f1u0bfqhu9o,red,lander_devil,ランダーデビル,,unknown
max-bout-unknown-lightweight-tournament-f1u0bfqhu9o-blue,max-bout-unknown-lightweight-tournament-f1u0bfqhu9o,blue,waku,わく,,unknown
max-bout-unknown-lightweight-tournament-ooihz_c01e0-red,max-bout-unknown-lightweight-tournament-ooihz_c01e0,red,kitamura,きたむら,,unknown
max-bout-unknown-lightweight-tournament-ooihz_c01e0-blue,max-bout-unknown-lightweight-tournament-ooihz_c01e0,blue,sangoku,さんごく,,unknown
mh-37-n9hp48kuqp4-red,mh-37-n9hp48kuqp4,red,fighter_d9983ebeb3,クロノ・マリーケン,,loss
mh-37-n9hp48kuqp4-blue,mh-37-n9hp48kuqp4,blue,fighter_5f53eea569,オーシューワイルド,,win
max-bout-unknown-lightweight-tournament-bacmlios1i8-red,max-bout-unknown-lightweight-tournament-bacmlios1i8,red,colt_apro,コルト・アプロー,,unknown
max-bout-unknown-lightweight-tournament-bacmlios1i8-blue,max-bout-unknown-lightweight-tournament-bacmlios1i8,blue,tsukurihara,つくりはら,,unknown
max-bout-unknown-lightweight-tournament-qtswvquloji-red,max-bout-unknown-lightweight-tournament-qtswvquloji,red,blue_one,ブルーワン,,unknown
max-bout-unknown-lightweight-tournament-qtswvquloji-blue,max-bout-unknown-lightweight-tournament-qtswvquloji,blue,fighter_82d519db98,イスカン・アステ,,unknown
target-14-d6tuqnfvmhy-red,target-14-d6tuqnfvmhy,red,rancher_sugaya,らんちゃーすがや,,unknown
target-14-d6tuqnfvmhy-blue,target-14-d6tuqnfvmhy,blue,fighter_ffbd00f5ab,あかそ,,unknown
target-100-4rgh2fs6rp8-red,target-100-4rgh2fs6rp8,red,waku,わく,,win
target-100-4rgh2fs6rp8-blue,target-100-4rgh2fs6rp8,blue,tsukurihara,つくりはら,,loss
target-100-1ptbs6ropuq-red,target-100-1ptbs6ropuq,red,kabei,かべい,,loss
target-100-1ptbs6ropuq-blue,target-100-1ptbs6ropuq,blue,gitamin_aaron,ギタミン・アーロン,,win
target-98-bniqjtmfayw-red,target-98-bniqjtmfayw,red,frahm_gran,フラーム・グラン,,loss
target-98-bniqjtmfayw-blue,target-98-bniqjtmfayw,blue,daina,だいな,,win
video-catalog-54kwdqyjoa8-54kwdqyjoa8-red,video-catalog-54kwdqyjoa8-54kwdqyjoa8,red,marco_fraser,マルコ・フレイザー,,unknown
video-catalog-54kwdqyjoa8-54kwdqyjoa8-blue,video-catalog-54kwdqyjoa8-54kwdqyjoa8,blue,blue_one,ブルーワン,,unknown
video-catalog-f93bk3gibcq-f93bk3gibcq-red,video-catalog-f93bk3gibcq-f93bk3gibcq,red,fighter_b23cf227ff,ダートソン,,unknown
video-catalog-f93bk3gibcq-f93bk3gibcq-blue,video-catalog-f93bk3gibcq-f93bk3gibcq,blue,fighter_e590e4eb0f,アトゥリうえはら,,unknown
target-90-2mm9_kcrsfu-red,target-90-2mm9_kcrsfu,red,kintoki,きんとき,,loss
target-90-2mm9_kcrsfu-blue,target-90-2mm9_kcrsfu,blue,otosawa,おとさわ,,win
mh-29-qfiwnhcogvu-red,mh-29-qfiwnhcogvu,red,fighter_8d86ebfe6f,ヘル・ラッサー,,unknown
mh-29-qfiwnhcogvu-blue,mh-29-qfiwnhcogvu,blue,tail_junk,テール・ジャンク,,unknown
target-96-jby8vkzyuys-red,target-96-jby8vkzyuys,red,daina,だいな,,unknown
target-96-jby8vkzyuys-blue,target-96-jby8vkzyuys,blue,tsuoshi,つおし,,unknown
target-87-foh5vctjij4-red,target-87-foh5vctjij4,red,otosawa,おとさわ,,unknown
target-87-foh5vctjij4-blue,target-87-foh5vctjij4,blue,kabei,かべい,,unknown
emperor-118-bvtj1lsfwz4-red,emperor-118-bvtj1lsfwz4,red,no_118,エンペラーNo.118 ミドル級ワンマッチ ルージュド・スターリー,,unknown
emperor-118-bvtj1lsfwz4-blue,emperor-118-bvtj1lsfwz4,blue,fighter_578e54d009,アマルド・ビュエーラ,,unknown
max-bout-6-lightweight-tournament-ifu9zhhjmzi-red,max-bout-6-lightweight-tournament-ifu9zhhjmzi,red,fighter_3b93aaef4c,試合前インタビュー マルコ・フレイザー,,unknown
max-bout-6-lightweight-tournament-ifu9zhhjmzi-blue,max-bout-6-lightweight-tournament-ifu9zhhjmzi,blue,fighter_6579bb563a,ランダーデビル 第６回,,unknown
max-bout-6-lightweight-tournament-a8qhaua4i1g-red,max-bout-6-lightweight-tournament-a8qhaua4i1g,red,fighter_a20697a85d,試合前インタビュー ブルーワン,,unknown
max-bout-6-lightweight-tournament-a8qhaua4i1g-blue,max-bout-6-lightweight-tournament-a8qhaua4i1g,blue,fighter_dc0d28e973,アイス・トロン 第６回,,unknown
max-bout-6-lightweight-tournament-s99fvrs7evw-red,max-bout-6-lightweight-tournament-s99fvrs7evw,red,fighter_289c68dda1,試合前インタビュー コルト・アプロー,,unknown
max-bout-6-lightweight-tournament-s99fvrs7evw-blue,max-bout-6-lightweight-tournament-s99fvrs7evw,blue,fighter_3ce17be3cd,フラーム・グラン 第６回,,unknown
max-bout-6-lightweight-tournament-pcudq7vtm_g-red,max-bout-6-lightweight-tournament-pcudq7vtm_g,red,fighter_c5a0e29e83,試合前インタビュー わく,,unknown
max-bout-6-lightweight-tournament-pcudq7vtm_g-blue,max-bout-6-lightweight-tournament-pcudq7vtm_g,blue,fighter_01c8f1b9f0,ゆめろう 第６回,,unknown
max-bout-unknown-middleweight-special-bompcnznx34-red,max-bout-unknown-middleweight-special-bompcnznx34,red,misa_will_joe,ミサ・ウィル・ジョー,,unknown
max-bout-unknown-middleweight-special-bompcnznx34-blue,max-bout-unknown-middleweight-special-bompcnznx34,blue,rouged_starry,ルージュド・スターリー,,unknown
max-bout-unknown-middleweight-special-tuog5suk_fo-red,max-bout-unknown-middleweight-special-tuog5suk_fo,red,tail_junk,テール・ジャンク,,unknown
max-bout-unknown-middleweight-special-tuog5suk_fo-blue,max-bout-unknown-middleweight-special-tuog5suk_fo,blue,fighter_cc477f9dcf,タイプ・ジー,,unknown
max-bout-unknown-middleweight-special-4cbcymly7ma-red,max-bout-unknown-middleweight-special-4cbcymly7ma,red,fighter_5d7998006d,ダイス・ヴォルケード,,unknown
max-bout-unknown-middleweight-special-4cbcymly7ma-blue,max-bout-unknown-middleweight-special-4cbcymly7ma,blue,fighter_392d495da8,ライン・デュオ,,unknown
max-bout-unknown-middleweight-special-siibzv70fww-red,max-bout-unknown-middleweight-special-siibzv70fww,red,kabei,かべい,,unknown
max-bout-unknown-middleweight-special-siibzv70fww-blue,max-bout-unknown-middleweight-special-siibzv70fww,blue,sakaeda,さかえだ,,unknown
max-bout-unknown-middleweight-special-opylhps0jq0-red,max-bout-unknown-middleweight-special-opylhps0jq0,red,otosawa,おとさわ,,unknown
max-bout-unknown-middleweight-special-opylhps0jq0-blue,max-bout-unknown-middleweight-special-opylhps0jq0,blue,rancher_sugaya,らんちゃーすがや,,unknown
emperor-110-lp2btuxgjiy-red,emperor-110-lp2btuxgjiy,red,fighter_b23cf227ff,ダートソン,,loss
emperor-110-lp2btuxgjiy-blue,emperor-110-lp2btuxgjiy,blue,fighter_32d0d719ec,レイ・ガシーオ,,win
mh-38-nm0ig9mdpi-red,mh-38-nm0ig9mdpi,red,zett,Zett,,unknown
mh-38-nm0ig9mdpi-blue,mh-38-nm0ig9mdpi,blue,rancher_sugaya,らんちゃーすがや,,unknown
target-101-vplbxarc3pc-red,target-101-vplbxarc3pc,red,gitamin_aaron,ギタミン・アーロン,,unknown
target-101-vplbxarc3pc-blue,target-101-vplbxarc3pc,blue,otosawa,おとさわ,,unknown
mh-40-ggjctmt9cfi-red,mh-40-ggjctmt9cfi,red,fighter_cc477f9dcf,タイプ・ジー,,unknown
mh-40-ggjctmt9cfi-blue,mh-40-ggjctmt9cfi,blue,fighter_8d86ebfe6f,ヘル・ラッサー,,unknown
emperor-120-dxknai8nu0k-red,emperor-120-dxknai8nu0k,red,fighter_cc477f9dcf,タイプ・ジー,,win
emperor-120-dxknai8nu0k-blue,emperor-120-dxknai8nu0k,blue,fighter_b9115f2d71,チャールス・ブランディン,,loss
mh-39-zvs_zboqwzm-red,mh-39-zvs_zboqwzm,red,fighter_23a078dc11,トルー・パルドレス,,unknown
mh-39-zvs_zboqwzm-blue,mh-39-zvs_zboqwzm,blue,fighter_8d86ebfe6f,ヘル・ラッサー,,unknown
emperor-120-wgbrpkw3_u-red,emperor-120-wgbrpkw3_u,red,fighter_30b7a4a468,ステシエン・チェット,,unknown
emperor-120-wgbrpkw3_u-blue,emperor-120-wgbrpkw3_u,blue,fighter_8e8b526dc1,ルーペデビル,,unknown
target-102-rqenv8yfeci-red,target-102-rqenv8yfeci,red,fighter_31e0efe5d2,シガー・ユーナイム,,unknown
target-102-rqenv8yfeci-blue,target-102-rqenv8yfeci,blue,zamon,ザモン,,unknown
target-102-48v5jmjeu1e-red,target-102-48v5jmjeu1e,red,fighter_a850bd04f1,サム・ラッシュ,,loss
target-102-48v5jmjeu1e-blue,target-102-48v5jmjeu1e,blue,washikaga,わしかが,,win
emperor-119-fuaaxecs6he-red,emperor-119-fuaaxecs6he,red,sakurai,さくらい,,win
emperor-119-fuaaxecs6he-blue,emperor-119-fuaaxecs6he,blue,fighter_32d0d719ec,レイ・ガシーオ,,loss
emperor-119-wae2pl4rfdw-red,emperor-119-wae2pl4rfdw,red,sakaeda,さかえだ,,loss
emperor-119-wae2pl4rfdw-blue,emperor-119-wae2pl4rfdw,blue,rouged_starry,ルージュド・スターリー,,win
emperor-120-gencjoexft8-red,emperor-120-gencjoexft8,red,fighter_3c507e2d6d,エス・ガリオン,,win
emperor-120-gencjoexft8-blue,emperor-120-gencjoexft8,blue,fighter_1eccfcf027,ロン,,loss
mh-40-bujuelt6hfo-red,mh-40-bujuelt6hfo,red,rolling_jr,ローリングジュニア,,loss
mh-40-bujuelt6hfo-blue,mh-40-bujuelt6hfo,blue,fighter_0f7f08df67,トゥワックデビル,,win
mh-38-3jbgtu_pkeu-red,mh-38-3jbgtu_pkeu,red,rolling_jr,ローリングジュニア,,unknown
mh-38-3jbgtu_pkeu-blue,mh-38-3jbgtu_pkeu,blue,python_hayashi,ぱいそんはやし,,unknown
mh-38-htdjihj6z_q-red,mh-38-htdjihj6z_q,red,fighter_169d4ecfe8,ラドフ,,unknown
mh-38-htdjihj6z_q-blue,mh-38-htdjihj6z_q,blue,fighter_5f53eea569,オーシューワイルド,,unknown
mh-39-sgrylfsil_w-red,mh-39-sgrylfsil_w,red,python_hayashi,ぱいそんはやし,,unknown
mh-39-sgrylfsil_w-blue,mh-39-sgrylfsil_w,blue,fighter_41a3b1ba33,ジャニマード・トスパチ,,unknown
mh-40-an7ejcpbbhs-red,mh-40-an7ejcpbbhs,red,fighter_5f53eea569,オーシューワイルド,,unknown
mh-40-an7ejcpbbhs-blue,mh-40-an7ejcpbbhs,blue,python_hayashi,ぱいそんはやし,,unknown
emperor-120-ifz9rupnazm-red,emperor-120-ifz9rupnazm,red,misa_will_joe,ミサ・ウィル・ジョー,,unknown
emperor-120-ifz9rupnazm-blue,emperor-120-ifz9rupnazm,blue,fighter_808e183fda,ブレード・アロー,,unknown
target-102-ephgtzg6nfs-red,target-102-ephgtzg6nfs,red,fighter_e9d2feca82,ミハエル・ボタルニカ,,unknown
target-102-ephgtzg6nfs-blue,target-102-ephgtzg6nfs,blue,aurora_devil,オーロラデビル,,unknown
mh-40-aez1_3vh9dm-red,mh-40-aez1_3vh9dm,red,fighter_392d495da8,ライン・デュオ,,unknown
mh-40-aez1_3vh9dm-blue,mh-40-aez1_3vh9dm,blue,fighter_41a3b1ba33,ジャニマード・トスパチ,,unknown
target-102-2ulafpwgt9q-red,target-102-2ulafpwgt9q,red,kitamura,きたむら,,unknown
target-102-2ulafpwgt9q-blue,target-102-2ulafpwgt9q,blue,tsukurihara,つくりはら,,unknown
target-102-kb_ww6hufqg-red,target-102-kb_ww6hufqg,red,kazeno,かぜの,,loss
target-102-kb_ww6hufqg-blue,target-102-kb_ww6hufqg,blue,kodama,こだま,,win
emperor-119-5dmafndwhxg-red,emperor-119-5dmafndwhxg,red,fighter_b23cf227ff,ダートソン,,unknown
emperor-119-5dmafndwhxg-blue,emperor-119-5dmafndwhxg,blue,fighter_468bc73db5,ガネルソン・シャル・ワー,,unknown
target-101-np5jzwchxi0-red,target-101-np5jzwchxi0,red,zamon,ザモン,,loss
target-101-np5jzwchxi0-blue,target-101-np5jzwchxi0,blue,aurora_devil,オーロラデビル,,win
target-101-0nt8ufrwimc-red,target-101-0nt8ufrwimc,red,kabuto,かぶと,,unknown
target-101-0nt8ufrwimc-blue,target-101-0nt8ufrwimc,blue,fighter_020b361a38,イベルト・キューミ,,unknown
target-101-ttl61cvhxrw-red,target-101-ttl61cvhxrw,red,kabei,かべい,,unknown
target-101-ttl61cvhxrw-blue,target-101-ttl61cvhxrw,blue,fighter_7e5c52a901,ラミロ・コーテ,,unknown
mh-39-zetalrxjn68-red,mh-39-zetalrxjn68,red,fighter_d9983ebeb3,クロノ・マリーケン,,unknown
mh-39-zetalrxjn68-blue,mh-39-zetalrxjn68,blue,fighter_392d495da8,ライン・デュオ,,unknown
emperor-119-lieo6s_renc-red,emperor-119-lieo6s_renc,red,fighter_e590e4eb0f,アトゥリうえはら,,loss
emperor-119-lieo6s_renc-blue,emperor-119-lieo6s_renc,blue,fighter_3c507e2d6d,エス・ガリオン,,win
max-bout-7-lightweight-gp-l0y4gy4llq0-red,max-bout-7-lightweight-gp-l0y4gy4llq0,red,blue_one,ブルーワン,,win
max-bout-7-lightweight-gp-l0y4gy4llq0-blue,max-bout-7-lightweight-gp-l0y4gy4llq0,blue,fighter_25fddbaacc,ダブド・ガブリシャン,,loss
max-bout-7-lightweight-gp-h3la4h4lfck-red,max-bout-7-lightweight-gp-h3la4h4lfck,red,max_gp,第７回 MAXバウトライト級GPＡブロック ランダーデビル,,unknown
max-bout-7-lightweight-gp-h3la4h4lfck-blue,max-bout-7-lightweight-gp-h3la4h4lfck,blue,fighter_82d519db98,イスカン・アステ,,unknown
max-bout-6-lightweight-tournament-surk9nnwoxi-red,max-bout-6-lightweight-tournament-surk9nnwoxi,red,colt_apro,コルト・アプロー,,win
max-bout-6-lightweight-tournament-surk9nnwoxi-blue,max-bout-6-lightweight-tournament-surk9nnwoxi,blue,frahm_gran,フラーム・グラン,,loss
max-bout-6-lightweight-tournament-pvujuvxd4a4-red,max-bout-6-lightweight-tournament-pvujuvxd4a4,red,blue_one,ブルーワン,,unknown
max-bout-6-lightweight-tournament-pvujuvxd4a4-blue,max-bout-6-lightweight-tournament-pvujuvxd4a4,blue,ice_tron,アイス・トロン,,unknown
max-bout-6-lightweight-tournament-jdzqmwx4vg4-red,max-bout-6-lightweight-tournament-jdzqmwx4vg4,red,waku,わく,,unknown
max-bout-6-lightweight-tournament-jdzqmwx4vg4-blue,max-bout-6-lightweight-tournament-jdzqmwx4vg4,blue,fighter_4d6356d021,ゆめろう,,unknown
max-bout-6-lightweight-tournament-oynlvwudspu-red,max-bout-6-lightweight-tournament-oynlvwudspu,red,marco_fraser,マルコ・フレイザー,,loss
max-bout-6-lightweight-tournament-oynlvwudspu-blue,max-bout-6-lightweight-tournament-oynlvwudspu,blue,lander_devil,ランダーデビル,,win
max-bout-6-lightweight-tournament-z5lialvefc-red,max-bout-6-lightweight-tournament-z5lialvefc,red,fighter_062d57b5e3,第一試合 ランダーデビル,,unknown
max-bout-6-lightweight-tournament-z5lialvefc-blue,max-bout-6-lightweight-tournament-z5lialvefc,blue,blue_one,ブルーワン,,unknown
max-bout-6-lightweight-tournament-xxhhyfb8kq-red,max-bout-6-lightweight-tournament-xxhhyfb8kq,red,fighter_e9dbb51256,第ニ試合 わく,,unknown
max-bout-6-lightweight-tournament-xxhhyfb8kq-blue,max-bout-6-lightweight-tournament-xxhhyfb8kq,blue,colt_apro,コルト・アプロー,,unknown
max-bout-6-lightweight-tournament-41mou0pvo8w-red,max-bout-6-lightweight-tournament-41mou0pvo8w,red,blue_one,ブルーワン,,unknown
max-bout-6-lightweight-tournament-41mou0pvo8w-blue,max-bout-6-lightweight-tournament-41mou0pvo8w,blue,colt_apro,コルト・アプロー,,unknown
max-bout-6-lightweight-tournament-9hosl10mklo-red,max-bout-6-lightweight-tournament-9hosl10mklo,red,lander_devil,ランダーデビル,,unknown
max-bout-6-lightweight-tournament-9hosl10mklo-blue,max-bout-6-lightweight-tournament-9hosl10mklo,blue,rolling_jr,ローリングジュニア,,unknown
max-bout-6-lightweight-tournament-b3mm_ebk_my-red,max-bout-6-lightweight-tournament-b3mm_ebk_my,red,blue_one,ブルーワン,,unknown
max-bout-6-lightweight-tournament-b3mm_ebk_my-blue,max-bout-6-lightweight-tournament-b3mm_ebk_my,blue,kitamura,きたむら,,unknown
max-bout-6-lightweight-tournament-eis5offdwks-red,max-bout-6-lightweight-tournament-eis5offdwks,red,frahm_gran,フラーム・グラン,,unknown
max-bout-6-lightweight-tournament-eis5offdwks-blue,max-bout-6-lightweight-tournament-eis5offdwks,blue,fighter_cdb8d47163,ワインセル,,unknown
max-bout-6-lightweight-tournament-zp7rkliamr4-red,max-bout-6-lightweight-tournament-zp7rkliamr4,red,fighter_c6b52ed0b2,バン・ベルソーザ,,unknown
max-bout-6-lightweight-tournament-zp7rkliamr4-blue,max-bout-6-lightweight-tournament-zp7rkliamr4,blue,fighter_4d6356d021,ゆめろう,,unknown
max-bout-6-lightweight-tournament-3k_jsttv5wi-red,max-bout-6-lightweight-tournament-3k_jsttv5wi,red,fighter_764b98c3bb,パットバミューダ,,unknown
max-bout-6-lightweight-tournament-3k_jsttv5wi-blue,max-bout-6-lightweight-tournament-3k_jsttv5wi,blue,ice_tron,アイス・トロン,,unknown
max-bout-6-lightweight-tournament-gerbahnq_po-red,max-bout-6-lightweight-tournament-gerbahnq_po,red,fighter_eddb8db316,ジョン・バレー,,unknown
max-bout-6-lightweight-tournament-gerbahnq_po-blue,max-bout-6-lightweight-tournament-gerbahnq_po,blue,waku,わく,,unknown
max-bout-6-lightweight-tournament-mzffdb97ygw-red,max-bout-6-lightweight-tournament-mzffdb97ygw,red,colt_apro,コルト・アプロー,,unknown
max-bout-6-lightweight-tournament-mzffdb97ygw-blue,max-bout-6-lightweight-tournament-mzffdb97ygw,blue,fighter_c333ddf234,センサー・ファッジ,,unknown
max-bout-6-lightweight-tournament-lrsezu2mkwi-red,max-bout-6-lightweight-tournament-lrsezu2mkwi,red,sangoku,さんごく,,unknown
max-bout-6-lightweight-tournament-lrsezu2mkwi-blue,max-bout-6-lightweight-tournament-lrsezu2mkwi,blue,marco_fraser,マルコ・フレイザー,,unknown
max-bout-5-middleweight-tournament-sxu4xadywj4-red,max-bout-5-middleweight-tournament-sxu4xadywj4,red,tail_junk,テール・ジャンク,,unknown
max-bout-5-middleweight-tournament-sxu4xadywj4-blue,max-bout-5-middleweight-tournament-sxu4xadywj4,blue,fighter_e15b590179,ゼット,,unknown
max-bout-5-middleweight-tournament-pzlpry9qwaw-red,max-bout-5-middleweight-tournament-pzlpry9qwaw,red,sakaeda,さかえだ,,unknown
max-bout-5-middleweight-tournament-pzlpry9qwaw-blue,max-bout-5-middleweight-tournament-pzlpry9qwaw,blue,misa_will_joe,ミサ・ウィル・ジョー,,unknown
max-bout-5-middleweight-tournament-dhbctg1olfu-red,max-bout-5-middleweight-tournament-dhbctg1olfu,red,misa_will_joe,ミサ・ウィル・ジョー,,unknown
max-bout-5-middleweight-tournament-dhbctg1olfu-blue,max-bout-5-middleweight-tournament-dhbctg1olfu,blue,tail_junk,テール・ジャンク,,unknown
max-bout-5-middleweight-tournament-veyyj1akdtc-red,max-bout-5-middleweight-tournament-veyyj1akdtc,red,tail_junk,テール・ジャンク,,unknown
max-bout-5-middleweight-tournament-veyyj1akdtc-blue,max-bout-5-middleweight-tournament-veyyj1akdtc,blue,rouged_starry,ルージュド・スターリー,,unknown
max-bout-5-middleweight-tournament-szekaoaieb8-red,max-bout-5-middleweight-tournament-szekaoaieb8,red,fighter_5d7998006d,ダイス・ヴォルケード,,unknown
max-bout-5-middleweight-tournament-szekaoaieb8-blue,max-bout-5-middleweight-tournament-szekaoaieb8,blue,misa_will_joe,ミサ・ウィル・ジョー,,unknown
max-bout-5-middleweight-tournament-zmcyei8g3mi-red,max-bout-5-middleweight-tournament-zmcyei8g3mi,red,sakaeda,さかえだ,,win
max-bout-5-middleweight-tournament-zmcyei8g3mi-blue,max-bout-5-middleweight-tournament-zmcyei8g3mi,blue,fighter_d9983ebeb3,クロノ・マリーケン,,loss
max-bout-5-middleweight-tournament-vvxae1wlsxm-red,max-bout-5-middleweight-tournament-vvxae1wlsxm,red,kabei,かべい,,loss
max-bout-5-middleweight-tournament-vvxae1wlsxm-blue,max-bout-5-middleweight-tournament-vvxae1wlsxm,blue,fighter_e15b590179,ゼット,,win
max-bout-5-middleweight-tournament-w882wsm09lc-red,max-bout-5-middleweight-tournament-w882wsm09lc,red,fighter_23a078dc11,トルー・パルドレス,,loss
max-bout-5-middleweight-tournament-w882wsm09lc-blue,max-bout-5-middleweight-tournament-w882wsm09lc,blue,fighter_5d7998006d,ダイス・ヴォルケード,,win
max-bout-5-middleweight-tournament-udtntbd9neu-red,max-bout-5-middleweight-tournament-udtntbd9neu,red,tail_junk,テール・ジャンク,,win
max-bout-5-middleweight-tournament-udtntbd9neu-blue,max-bout-5-middleweight-tournament-udtntbd9neu,blue,rancher_sugaya,らんちゃーすがや,,loss
max-bout-5-middleweight-tournament-4a_ucjfzwra-red,max-bout-5-middleweight-tournament-4a_ucjfzwra,red,fighter_d9983ebeb3,クロノ・マリーケン,,win
max-bout-5-middleweight-tournament-4a_ucjfzwra-blue,max-bout-5-middleweight-tournament-4a_ucjfzwra,blue,gitamin_aaron,ギタミン・アーロン,,loss
max-bout-5-middleweight-tournament-7rixgvx9na-red,max-bout-5-middleweight-tournament-7rixgvx9na,red,sakaeda,さかえだ,,win
max-bout-5-middleweight-tournament-7rixgvx9na-blue,max-bout-5-middleweight-tournament-7rixgvx9na,blue,fighter_e9d2feca82,ミハエル・ボタルニカ,,loss
max-bout-5-middleweight-tournament-mnp9fbyafra-red,max-bout-5-middleweight-tournament-mnp9fbyafra,red,rouged_starry,ルージュド・スターリー,,win
max-bout-5-middleweight-tournament-mnp9fbyafra-blue,max-bout-5-middleweight-tournament-mnp9fbyafra,blue,fighter_31e0efe5d2,シガー・ユーナイム,,loss
max-bout-5-middleweight-tournament-voqcotsamwi-red,max-bout-5-middleweight-tournament-voqcotsamwi,red,misa_will_joe,ミサ・ウィル・ジョー,,win
max-bout-5-middleweight-tournament-voqcotsamwi-blue,max-bout-5-middleweight-tournament-voqcotsamwi,blue,fighter_8d86ebfe6f,ヘル・ラッサー,,loss
max-bout-5-middleweight-tournament-fynnomuod1i-red,max-bout-5-middleweight-tournament-fynnomuod1i,red,fighter_b9115f2d71,チャールス・ブランディン,,loss
max-bout-5-middleweight-tournament-fynnomuod1i-blue,max-bout-5-middleweight-tournament-fynnomuod1i,blue,kabei,かべい,,win
max-bout-5-middleweight-tournament-lj_cbs1xmiq-red,max-bout-5-middleweight-tournament-lj_cbs1xmiq,red,otosawa,おとさわ,,loss
max-bout-5-middleweight-tournament-lj_cbs1xmiq-blue,max-bout-5-middleweight-tournament-lj_cbs1xmiq,blue,fighter_e15b590179,ゼット,,win
max-bout-7-lightweight-tournament-irt8ikcjj4i-red,max-bout-7-lightweight-tournament-irt8ikcjj4i,red,fighter_25fddbaacc,ダブド・ガブリシャン,,unknown
max-bout-7-lightweight-tournament-irt8ikcjj4i-blue,max-bout-7-lightweight-tournament-irt8ikcjj4i,blue,rolling_jr,ローリングジュニア,,unknown
max-bout-7-lightweight-tournament-ysyzts9p7uo-red,max-bout-7-lightweight-tournament-ysyzts9p7uo,red,colt_apro,コルト・アプロー,,unknown
max-bout-7-lightweight-tournament-ysyzts9p7uo-blue,max-bout-7-lightweight-tournament-ysyzts9p7uo,blue,blue_one,ブルーワン,,unknown
max-bout-7-lightweight-tournament-mzsxwh_pvtq-red,max-bout-7-lightweight-tournament-mzsxwh_pvtq,red,fighter_82d519db98,イスカン・アステ,,unknown
max-bout-7-lightweight-tournament-mzsxwh_pvtq-blue,max-bout-7-lightweight-tournament-mzsxwh_pvtq,blue,marco_fraser,マルコ・フレイザー,,unknown
max-bout-7-lightweight-tournament-x1t1w3rqpb0-red,max-bout-7-lightweight-tournament-x1t1w3rqpb0,red,tsukurihara,つくりはら,,unknown
max-bout-7-lightweight-tournament-x1t1w3rqpb0-blue,max-bout-7-lightweight-tournament-x1t1w3rqpb0,blue,lander_devil,ランダーデビル,,unknown
max-bout-7-lightweight-tournament-6cc4iyh_ejy-red,max-bout-7-lightweight-tournament-6cc4iyh_ejy,red,marco_fraser,マルコ・フレイザー,,unknown
max-bout-7-lightweight-tournament-6cc4iyh_ejy-blue,max-bout-7-lightweight-tournament-6cc4iyh_ejy,blue,fighter_cdb8d47163,ワインセル,,unknown
max-bout-7-lightweight-tournament-u8b1_0fnkx8-red,max-bout-7-lightweight-tournament-u8b1_0fnkx8,red,waku,わく,,unknown
max-bout-7-lightweight-tournament-u8b1_0fnkx8-blue,max-bout-7-lightweight-tournament-u8b1_0fnkx8,blue,rolling_jr,ローリングジュニア,,unknown
max-bout-7-lightweight-tournament-us8ne3rhqsq-red,max-bout-7-lightweight-tournament-us8ne3rhqsq,red,sangoku,さんごく,,unknown
max-bout-7-lightweight-tournament-us8ne3rhqsq-blue,max-bout-7-lightweight-tournament-us8ne3rhqsq,blue,fighter_25fddbaacc,ダブド・ガブリシャン,,unknown
max-bout-7-lightweight-tournament-gj_hwkw33s-red,max-bout-7-lightweight-tournament-gj_hwkw33s,red,fighter_82d519db98,イスカン・アステ,,unknown
max-bout-7-lightweight-tournament-gj_hwkw33s-blue,max-bout-7-lightweight-tournament-gj_hwkw33s,blue,kitamura,きたむら,,unknown
max-bout-7-lightweight-tournament-4bnoht7mgww-red,max-bout-7-lightweight-tournament-4bnoht7mgww,red,lander_devil,ランダーデビル,,unknown
max-bout-7-lightweight-tournament-4bnoht7mgww-blue,max-bout-7-lightweight-tournament-4bnoht7mgww,blue,fighter_a5b1c7ad26,キマイラ,,unknown
max-bout-7-lightweight-tournament-dkhrnaaksho-red,max-bout-7-lightweight-tournament-dkhrnaaksho,red,colt_apro,コルト・アプロー,,unknown
max-bout-7-lightweight-tournament-dkhrnaaksho-blue,max-bout-7-lightweight-tournament-dkhrnaaksho,blue,daina,だいな,,unknown
max-bout-7-lightweight-tournament-hmig9qnqcp8-red,max-bout-7-lightweight-tournament-hmig9qnqcp8,red,tsukurihara,つくりはら,,unknown
max-bout-7-lightweight-tournament-hmig9qnqcp8-blue,max-bout-7-lightweight-tournament-hmig9qnqcp8,blue,fighter_30b7a4a468,ステシエン・チェット,,unknown
max-bout-7-lightweight-tournament-23ui9dcnmle-red,max-bout-7-lightweight-tournament-23ui9dcnmle,red,kuwashio,くわしお,,unknown
max-bout-7-lightweight-tournament-23ui9dcnmle-blue,max-bout-7-lightweight-tournament-23ui9dcnmle,blue,blue_one,ブルーワン,,unknown
max-bout-7-lightweight-gp-lk45sjahdk0-red,max-bout-7-lightweight-gp-lk45sjahdk0,red,lander_devil,ランダーデビル,,loss
max-bout-7-lightweight-gp-lk45sjahdk0-blue,max-bout-7-lightweight-gp-lk45sjahdk0,blue,blue_one,ブルーワン,,win
emperor-110-eqlubfqon_q-red,emperor-110-eqlubfqon_q,red,fighter_d698e2e0fb,ヴァン・ブルックス,,unknown
emperor-110-eqlubfqon_q-blue,emperor-110-eqlubfqon_q,blue,fighter_5d7998006d,ダイス・ヴォルケード,,unknown
emperor-114-ckhfjmv2gfe-red,emperor-114-ckhfjmv2gfe,red,fighter_d698e2e0fb,ヴァン・ブルックス,,loss
emperor-114-ckhfjmv2gfe-blue,emperor-114-ckhfjmv2gfe,blue,fighter_e590e4eb0f,アトゥリうえはら,,win
target-88-jfai2e7nwcw-red,target-88-jfai2e7nwcw,red,fighter_cdb8d47163,ワインセル,,unknown
target-88-jfai2e7nwcw-blue,target-88-jfai2e7nwcw,blue,harris_orbick,ハリス・オルビック,,unknown
target-95-m3upkoczyo4-red,target-95-m3upkoczyo4,red,fighter_cdb8d47163,ワインセル,,unknown
target-95-m3upkoczyo4-blue,target-95-m3upkoczyo4,blue,no_95,センサー・ファッジ No.95,,unknown
target-93-14fzpah41t0-red,target-93-14fzpah41t0,red,fighter_cdb8d47163,ワインセル,,unknown
target-93-14fzpah41t0-blue,target-93-14fzpah41t0,blue,fighter_020b361a38,イベルト・キューミ,,unknown
target-100-cnizik34mxe-red,target-100-cnizik34mxe,red,fighter_cdb8d47163,ワインセル,,unknown
target-100-cnizik34mxe-blue,target-100-cnizik34mxe,blue,daina,だいな,,unknown
target-98-13ob38c7t_8-red,target-98-13ob38c7t_8,red,fighter_cdb8d47163,ワインセル,,unknown
target-98-13ob38c7t_8-blue,target-98-13ob38c7t_8,blue,kyonai,きょうない,,unknown
mh-28-ohxh8yuitfy-red,mh-28-ohxh8yuitfy,red,rolling_jr,ローリングジュニア,,unknown
mh-28-ohxh8yuitfy-blue,mh-28-ohxh8yuitfy,blue,kuwashio,くわしお,,unknown
mh-33-e0it_vkslzc-red,mh-33-e0it_vkslzc,red,rolling_jr,ローリングジュニア,,win
mh-33-e0it_vkslzc-blue,mh-33-e0it_vkslzc,blue,fighter_25fddbaacc,ダブド・ガブリシャン,,loss
emperor-111-kb7j3t8t8zs-red,emperor-111-kb7j3t8t8zs,red,fighter_2fdaa958ad,ロコール・アラニン,,unknown
emperor-111-kb7j3t8t8zs-blue,emperor-111-kb7j3t8t8zs,blue,fighter_b9115f2d71,チャールス・ブランディン,,unknown
target-92-sttxjk1ugrg-red,target-92-sttxjk1ugrg,red,fighter_0de6ecf382,レーサー・ガルシア,,unknown
target-92-sttxjk1ugrg-blue,target-92-sttxjk1ugrg,blue,daina,だいな,,unknown
emperor-117-qf4ikb9ib_c-red,emperor-117-qf4ikb9ib_c,red,fighter_32d0d719ec,レイ・ガシーオ,,unknown
emperor-117-qf4ikb9ib_c-blue,emperor-117-qf4ikb9ib_c,blue,rouged_starry,ルージュド・スターリー,,unknown
emperor-118-isftownyj1u-red,emperor-118-isftownyj1u,red,rouged_starry,ルージュド・スターリー,,win
emperor-118-isftownyj1u-blue,emperor-118-isftownyj1u,blue,fighter_578e54d009,アマルド・ビュエーラ,,loss
mh-30-4d8cgcsgpki-red,mh-30-4d8cgcsgpki,red,lander_devil,ランダーデビル,,unknown
mh-30-4d8cgcsgpki-blue,mh-30-4d8cgcsgpki,blue,sangoku,さんごく,,unknown
mh-27-dpfnqvami3s-red,mh-27-dpfnqvami3s,red,fighter_392d495da8,ライン・デュオ,,loss
mh-27-dpfnqvami3s-blue,mh-27-dpfnqvami3s,blue,tail_junk,テール・ジャンク,,win
mh-27-ixbizmwgzn4-red,mh-27-ixbizmwgzn4,red,fighter_4315a5de6a,ヨルセン・バクダリア,,unknown
mh-27-ixbizmwgzn4-blue,mh-27-ixbizmwgzn4,blue,sangoku,さんごく,,unknown
mh-30-gyn9fbpcwsq-red,mh-30-gyn9fbpcwsq,red,fighter_ceabf5fde9,ムラト・クツワ,,loss
mh-30-gyn9fbpcwsq-blue,mh-30-gyn9fbpcwsq,blue,fighter_25fddbaacc,ダブド・ガブリシャン,,win
mh-29-drke4kjgmuu-red,mh-29-drke4kjgmuu,red,fighter_ceabf5fde9,ムラト・クツワ,,unknown
mh-29-drke4kjgmuu-blue,mh-29-drke4kjgmuu,blue,fighter_eddb8db316,ジョン・バレー,,unknown
mh-35-wtgb_0m60sk-red,mh-35-wtgb_0m60sk,red,fighter_ceabf5fde9,ムラト・クツワ,,win
mh-35-wtgb_0m60sk-blue,mh-35-wtgb_0m60sk,blue,kawakami,かわかみ,,loss
target-87-aczznfws9eg-red,target-87-aczznfws9eg,red,fighter_e9d2feca82,ミハエル・ボタルニカ,,unknown
target-87-aczznfws9eg-blue,target-87-aczznfws9eg,blue,fighter_d85580c276,ビル・ジャガー,,unknown
emperor-115-qwxsvgtscqe-red,emperor-115-qwxsvgtscqe,red,marco_fraser,マルコ・フレイザー,,unknown
emperor-115-qwxsvgtscqe-blue,emperor-115-qwxsvgtscqe,blue,blue_one,ブルーワン,,unknown
emperor-116-v3usbpsmp_g-red,emperor-116-v3usbpsmp_g,red,marco_fraser,マルコ・フレイザー,,unknown
emperor-116-v3usbpsmp_g-blue,emperor-116-v3usbpsmp_g,blue,fighter_615bb339dc,ブライン・ジャスター,,unknown
emperor-117-vpw0enyucay-red,emperor-117-vpw0enyucay,red,marco_fraser,マルコ・フレイザー,,unknown
emperor-117-vpw0enyucay-blue,emperor-117-vpw0enyucay,blue,fighter_ce9074c06f,パット・バミューダ,,unknown
emperor-118-kgszncicwxi-red,emperor-118-kgszncicwxi,red,marco_fraser,マルコ・フレイザー,,win
emperor-118-kgszncicwxi-blue,emperor-118-kgszncicwxi,blue,fighter_30b7a4a468,ステシエン・チェット,,loss
emperor-109-xi7nktkis9a-red,emperor-109-xi7nktkis9a,red,fighter_b73b14350a,ポン・レイゼ,,unknown
emperor-109-xi7nktkis9a-blue,emperor-109-xi7nktkis9a,blue,fighter_4d6356d021,ゆめろう,,unknown
mh-29-7su1lyzlexi-red,mh-29-7su1lyzlexi,red,fighter_8d86ebfe6f,ヘル・ラッサー,,unknown
mh-29-7su1lyzlexi-blue,mh-29-7su1lyzlexi,blue,tail_junk,テール・ジャンク,,unknown
emperor-110-yrhdgy_73de-red,emperor-110-yrhdgy_73de,red,fighter_808e183fda,ブレード・アロー,,win
emperor-110-yrhdgy_73de-blue,emperor-110-yrhdgy_73de,blue,fighter_101d6a4f3f,パリド・アーディン,,loss
emperor-111-xyil3ugc6bq-red,emperor-111-xyil3ugc6bq,red,fighter_808e183fda,ブレード・アロー,,unknown
emperor-111-xyil3ugc6bq-blue,emperor-111-xyil3ugc6bq,blue,fighter_5d7998006d,ダイス・ヴォルケード,,unknown
target-100-ldhxdwyhrdi-red,target-100-ldhxdwyhrdi,red,frahm_gran,フラーム・グラン,,unknown
target-100-ldhxdwyhrdi-blue,target-100-ldhxdwyhrdi,blue,fighter_0de6ecf382,レーサー・ガルシア,,unknown
target-93-fmozl8mbbds-red,target-93-fmozl8mbbds,red,frahm_gran,フラーム・グラン,,unknown
target-93-fmozl8mbbds-blue,target-93-fmozl8mbbds,blue,fighter_8c8e6330f0,スマット・ターウィ,,unknown
target-98-pj937dfydti-red,target-98-pj937dfydti,red,frahm_gran,フラーム・グラン,,loss
target-98-pj937dfydti-blue,target-98-pj937dfydti,blue,daina,だいな,,win
target-96-jwumd4nyaew-red,target-96-jwumd4nyaew,red,frahm_gran,フラーム・グラン,,unknown
target-96-jwumd4nyaew-blue,target-96-jwumd4nyaew,blue,kitamura,きたむら,,unknown
target-87-dmjc2rydolm-red,target-87-dmjc2rydolm,red,fighter_977f2fdd1d,ファン・ミール・セイバー,,unknown
target-87-dmjc2rydolm-blue,target-87-dmjc2rydolm,blue,rouged_starry,ルージュド・スターリー,,unknown
emperor-113-1ap2i0us_bu-red,emperor-113-1ap2i0us_bu,red,fighter_ce9074c06f,パット・バミューダ,,unknown
emperor-113-1ap2i0us_bu-blue,emperor-113-1ap2i0us_bu,blue,napalm,ナパーム,,unknown
target-87-iawju8_v9bm-red,target-87-iawju8_v9bm,red,fighter_0d592ec5c6,パス・フィーリー,,unknown
target-87-iawju8_v9bm-blue,target-87-iawju8_v9bm,blue,kintoki,きんとき,,unknown
mh-30-3knn6p1e6uu-red,mh-30-3knn6p1e6uu,red,fighter_6cc24375aa,バンドルフ・ガルブンタ,,unknown
mh-30-3knn6p1e6uu-blue,mh-30-3knn6p1e6uu,blue,rolling_jr,ローリングジュニア,,unknown
target-88-ik8_4qwygxs-red,target-88-ik8_4qwygxs,red,fighter_c6720136f7,バイソンデビル,,unknown
target-88-ik8_4qwygxs-blue,target-88-ik8_4qwygxs,blue,fighter_c333ddf234,センサー・ファッジ,,unknown
target-87-h5bbdqgpdb0-red,target-87-h5bbdqgpdb0,red,fighter_c6720136f7,バイソンデビル,,unknown
target-87-h5bbdqgpdb0-blue,target-87-h5bbdqgpdb0,blue,fighter_7bfff5d96b,いたみ,,unknown
target-97-gvczwhozpiw-red,target-97-gvczwhozpiw,red,harris_orbick,ハリス・オルビック,,loss
target-97-gvczwhozpiw-blue,target-97-gvczwhozpiw,blue,tsukurihara,つくりはら,,win
emperor-109-zylg8y6wvq8-red,emperor-109-zylg8y6wvq8,red,napalm,ナパーム,,unknown
emperor-109-zylg8y6wvq8-blue,emperor-109-zylg8y6wvq8,blue,ice_tron,アイス・トロン,,unknown
mh-27-o3fmy6uqse0-red,mh-27-o3fmy6uqse0,red,fighter_23a078dc11,トルー・パルドレス,,unknown
mh-27-o3fmy6uqse0-blue,mh-27-o3fmy6uqse0,blue,fighter_d9983ebeb3,クロノ・マリーケン,,unknown
mh-36-ymvonl5nd58-red,mh-36-ymvonl5nd58,red,fighter_23a078dc11,トルー・パルドレス,,loss
mh-36-ymvonl5nd58-blue,mh-36-ymvonl5nd58,blue,fighter_5f53eea569,オーシューワイルド,,win
mh-30-bjwu94npmh8-red,mh-30-bjwu94npmh8,red,fighter_23a078dc11,トルー・パルドレス,,loss
mh-30-bjwu94npmh8-blue,mh-30-bjwu94npmh8,blue,rancher_sugaya,らんちゃーすがや,,win
mh-34-jw_sbyayf0g-red,mh-34-jw_sbyayf0g,red,tail_junk,テール・ジャンク,,unknown
mh-34-jw_sbyayf0g-blue,mh-34-jw_sbyayf0g,blue,fighter_13ff7e99ab,クーラー・ジョイントン,,unknown
emperor-114-agecfmrimag-red,emperor-114-agecfmrimag,red,fighter_b9115f2d71,チャールス・ブランディン,,unknown
emperor-114-agecfmrimag-blue,emperor-114-agecfmrimag,blue,sakaeda,さかえだ,,unknown
emperor-113-p6jlkp0q7yg-red,emperor-113-p6jlkp0q7yg,red,fighter_b23cf227ff,ダートソン,,unknown
emperor-113-p6jlkp0q7yg-blue,emperor-113-p6jlkp0q7yg,blue,fighter_1306a749d5,レイ・ガシーオ２,,unknown
emperor-115-5zxi7yo4qzm-red,emperor-115-5zxi7yo4qzm,red,fighter_b23cf227ff,ダートソン,,unknown
emperor-115-5zxi7yo4qzm-blue,emperor-115-5zxi7yo4qzm,blue,fighter_e590e4eb0f,アトゥリうえはら,,unknown
emperor-109-xdyu346kpua-red,emperor-109-xdyu346kpua,red,fighter_b23cf227ff,ダートソン,,unknown
emperor-109-xdyu346kpua-blue,emperor-109-xdyu346kpua,blue,sakaeda,さかえだ,,unknown
mh-29-mjn3naapvig-red,mh-29-mjn3naapvig,red,fighter_25fddbaacc,ダブド・ガブリシャン,,unknown
mh-29-mjn3naapvig-blue,mh-29-mjn3naapvig,blue,fighter_4315a5de6a,ヨルセン・バクダリア,,unknown
mh-31-g84wctvafzq-red,mh-31-g84wctvafzq,red,fighter_25fddbaacc,ダブド・ガブリシャン,,win
mh-31-g84wctvafzq-blue,mh-31-g84wctvafzq,blue,fighter_82d519db98,イスカン・アステ,,loss
emperor-109-ghpf2shuuo0-red,emperor-109-ghpf2shuuo0,red,fighter_5d7998006d,ダイス・ヴォルケード,,unknown
emperor-109-ghpf2shuuo0-blue,emperor-109-ghpf2shuuo0,blue,fighter_32d0d719ec,レイ・ガシーオ,,unknown
emperor-118-u6_s5feulqm-red,emperor-118-u6_s5feulqm,red,fighter_5d7998006d,ダイス・ヴォルケード,,unknown
emperor-118-u6_s5feulqm-blue,emperor-118-u6_s5feulqm,blue,fighter_083d80ec79,バルバード・ブワーズ,,unknown
emperor-114-s8_61fzru0-red,emperor-114-s8_61fzru0,red,fighter_5d7998006d,ダイス・ヴォルケード,,unknown
emperor-114-s8_61fzru0-blue,emperor-114-s8_61fzru0,blue,fighter_b23cf227ff,ダートソン,,unknown
mh-34-rofy8v_0baq-red,mh-34-rofy8v_0baq,red,fighter_e15b590179,ゼット,,loss
mh-34-rofy8v_0baq-blue,mh-34-rofy8v_0baq,blue,fighter_392d495da8,ライン・デュオ,,win
mh-36-fknoghflync-red,mh-36-fknoghflync,red,fighter_e15b590179,ゼット,,win
mh-36-fknoghflync-blue,mh-36-fknoghflync,blue,fighter_8d86ebfe6f,ヘル・ラッサー,,loss
mh-31-ufvwllt2pru-red,mh-31-ufvwllt2pru,red,fighter_e15b590179,ゼット,,unknown
mh-31-ufvwllt2pru-blue,mh-31-ufvwllt2pru,blue,fighter_d9983ebeb3,クロノ・マリーケン,,unknown
mh-27-cgmlpwetfzy-red,mh-27-cgmlpwetfzy,red,fighter_e15b590179,ゼット,,loss
mh-27-cgmlpwetfzy-blue,mh-27-cgmlpwetfzy,blue,gitamin_aaron,ギタミン・アーロン,,win
target-92-jh3r2cq39gc-red,target-92-jh3r2cq39gc,red,fighter_c333ddf234,センサー・ファッジ,,unknown
target-92-jh3r2cq39gc-blue,target-92-jh3r2cq39gc,blue,harris_orbick,ハリス・オルビック,,unknown
target-87-wdwtmtyvh_y-red,target-87-wdwtmtyvh_y,red,fighter_c333ddf234,センサー・ファッジ,,unknown
target-87-wdwtmtyvh_y-blue,target-87-wdwtmtyvh_y,blue,fighter_020b361a38,イベルト・キューミ,,unknown
emperor-116-r_scebsyoxg-red,emperor-116-r_scebsyoxg,red,fighter_30b7a4a468,ステシエン・チェット,,win
emperor-116-r_scebsyoxg-blue,emperor-116-r_scebsyoxg,blue,fighter_4282deeb57,ワンシー・オーフェル,,loss
emperor-113-5nkfum9czqg-red,emperor-113-5nkfum9czqg,red,fighter_30b7a4a468,ステシエン・チェット,,win
emperor-113-5nkfum9czqg-blue,emperor-113-5nkfum9czqg,blue,fighter_4d6356d021,ゆめろう,,loss
mh-31-atvp_2lwnno-red,mh-31-atvp_2lwnno,red,fighter_eddb8db316,ジョン・バレー,,loss
mh-31-atvp_2lwnno-blue,mh-31-atvp_2lwnno,blue,rolling_jr,ローリングジュニア,,win
emperor-110-1tjfo_ln_zy-red,emperor-110-1tjfo_ln_zy,red,fighter_4b95bfe573,シャパール・アミア,,unknown
emperor-110-1tjfo_ln_zy-blue,emperor-110-1tjfo_ln_zy,blue,fighter_2fdaa958ad,ロコール・アラニン,,unknown
target-90-gmfpy9x6hec-red,target-90-gmfpy9x6hec,red,fighter_31e0efe5d2,シガー・ユーナイム,,unknown
target-90-gmfpy9x6hec-blue,target-90-gmfpy9x6hec,blue,fighter_977f2fdd1d,ファン・ミール・セイバー,,unknown
target-92-c9dw76himya-red,target-92-c9dw76himya,red,fighter_31e0efe5d2,シガー・ユーナイム,,unknown
target-92-c9dw76himya-blue,target-92-c9dw76himya,blue,fighter_02f4705d18,ビルジャガー,,unknown
target-89-wuxl5lwpr_s-red,target-89-wuxl5lwpr_s,red,fighter_31e0efe5d2,シガー・ユーナイム,,unknown
target-89-wuxl5lwpr_s-blue,target-89-wuxl5lwpr_s,blue,otosawa,おとさわ,,unknown
mh-36-tau8z1fn26s-red,mh-36-tau8z1fn26s,red,fighter_24e2dfb4f3,シェーン・ロブソン,,loss
mh-36-tau8z1fn26s-blue,mh-36-tau8z1fn26s,blue,fighter_169d4ecfe8,ラドフ,,win
target-100-ewcidvvtuxu-red,target-100-ewcidvvtuxu,red,fighter_a850bd04f1,サム・ラッシュ,,loss
target-100-ewcidvvtuxu-blue,target-100-ewcidvvtuxu,blue,zamon,ザモン,,win
emperor-112-xogycqouw_e-red,emperor-112-xogycqouw_e,red,colt_apro,コルト・アプロー,,unknown
emperor-112-xogycqouw_e-blue,emperor-112-xogycqouw_e,blue,marco_fraser,マルコ・フレイザー,,unknown
emperor-113-kk2aas86c94-red,emperor-113-kk2aas86c94,red,colt_apro,コルト・アプロー,,unknown
emperor-113-kk2aas86c94-blue,emperor-113-kk2aas86c94,blue,blue_one,ブルーワン,,unknown
emperor-115-f1d9nd7knz4-red,emperor-115-f1d9nd7knz4,red,colt_apro,コルト・アプロー,,win
emperor-115-f1d9nd7knz4-blue,emperor-115-f1d9nd7knz4,blue,fighter_ce9074c06f,パット・バミューダ,,loss
emperor-117-yfqxrut1c7m-red,emperor-117-yfqxrut1c7m,red,colt_apro,コルト・アプロー,,unknown
emperor-117-yfqxrut1c7m-blue,emperor-117-yfqxrut1c7m,blue,fighter_4d6356d021,ゆめろう,,unknown
mh-33-ibmvbvxf1h8-red,mh-33-ibmvbvxf1h8,red,fighter_d9983ebeb3,クロノ・マリーケン,,unknown
mh-33-ibmvbvxf1h8-blue,mh-33-ibmvbvxf1h8,blue,rancher_sugaya,らんちゃーすがや,,unknown
mh-35-itua47cphqs-red,mh-35-itua47cphqs,red,fighter_d9983ebeb3,クロノ・マリーケン,,win
mh-35-itua47cphqs-blue,mh-35-itua47cphqs,blue,fighter_abca156858,おおわださーべる,,loss
emperor-114-g4yds9beona-red,emperor-114-g4yds9beona,red,fighter_0f529b069a,クレイエル・アビソカ,,loss
emperor-114-g4yds9beona-blue,emperor-114-g4yds9beona,blue,fighter_30b7a4a468,ステシエン・チェット,,win
emperor-113-f_lgazqr_k-red,emperor-113-f_lgazqr_k,red,fighter_0f529b069a,クレイエル・アビソカ,,unknown
emperor-113-f_lgazqr_k-blue,emperor-113-f_lgazqr_k,blue,sakurai,さくらい,,unknown
mh-33-v8kurvjahza-red,mh-33-v8kurvjahza,red,fighter_a5b1c7ad26,キマイラ,,unknown
mh-33-v8kurvjahza-blue,mh-33-v8kurvjahza,blue,fighter_ceabf5fde9,ムラト・クツワ,,unknown
mh-32-3o11cg8ggo-red,mh-32-3o11cg8ggo,red,fighter_a5b1c7ad26,キマイラ,,win
mh-32-3o11cg8ggo-blue,mh-32-3o11cg8ggo,blue,fighter_6cc24375aa,バンドルフ・ガルブンタ,,loss
mh-34-8coks1pwkrk-red,mh-34-8coks1pwkrk,red,fighter_a5b1c7ad26,キマイラ,,loss
mh-34-8coks1pwkrk-blue,mh-34-8coks1pwkrk,blue,fighter_25fddbaacc,ダブド・ガブリシャン,,win
mh-30-dvqutefmjs-red,mh-30-dvqutefmjs,red,fighter_a5b1c7ad26,キマイラ,,unknown
mh-30-dvqutefmjs-blue,mh-30-dvqutefmjs,blue,fighter_82d519db98,イスカン・アステ,,unknown
mh-27-o5bpc2m2id8-red,mh-27-o5bpc2m2id8,red,fighter_452ac4db9c,オーシューデーモン,,loss
mh-27-o5bpc2m2id8-blue,mh-27-o5bpc2m2id8,blue,rancher_sugaya,らんちゃーすがや,,win
target-95-dscftjpgwme-red,target-95-dscftjpgwme,red,fighter_ca8f747620,エメラルド・バンキー,,win
target-95-dscftjpgwme-blue,target-95-dscftjpgwme,blue,rokkou,ろっこう,,loss
target-99-pkhb34uskzs-red,target-99-pkhb34uskzs,red,fighter_ca8f747620,エメラルド・バンキー,,loss
target-99-pkhb34uskzs-blue,target-99-pkhb34uskzs,blue,tsuoshi,つおし,,win
target-97-ijoc_e8tcys-red,target-97-ijoc_e8tcys,red,fighter_020b361a38,イベルト・キューミ,,loss
target-97-ijoc_e8tcys-blue,target-97-ijoc_e8tcys,blue,frahm_gran,フラーム・グラン,,win
mh-32-xt6yezyi6ps-red,mh-32-xt6yezyi6ps,red,fighter_82d519db98,イスカン・アステ,,win
mh-32-xt6yezyi6ps-blue,mh-32-xt6yezyi6ps,blue,fighter_4315a5de6a,ヨルセン・バクダリア,,loss
mh-29-duxbnuo7fzm-red,mh-29-duxbnuo7fzm,red,fighter_82d519db98,イスカン・アステ,,unknown
mh-29-duxbnuo7fzm-blue,mh-29-duxbnuo7fzm,blue,fighter_7c5cf999ac,ビクトル・ナッカー,,unknown
mh-34-o4qbvrk6qle-red,mh-34-o4qbvrk6qle,red,fighter_82d519db98,イスカン・アステ,,unknown
mh-34-o4qbvrk6qle-blue,mh-34-o4qbvrk6qle,blue,fighter_eddb8db316,ジョン・バレー,,unknown
target-89-fwvxk4micnm-red,target-89-fwvxk4micnm,red,aribel_aribera,アリベル・アリベラ,,unknown
target-89-fwvxk4micnm-blue,target-89-fwvxk4micnm,blue,kabei,かべい,,unknown
target-92-granro4uj_4-red,target-92-granro4uj_4,red,aribel_aribera,アリベル・アリベラ,,unknown
target-92-granro4uj_4-blue,target-92-granro4uj_4,blue,otosawa,おとさわ,,unknown
target-87-usushxozov0-red,target-87-usushxozov0,red,aribel_aribera,アリベル・アリベラ,,unknown
target-87-usushxozov0-blue,target-87-usushxozov0,blue,otosawa,おとさわ,,unknown
emperor-110-dfo_4pwonie-red,emperor-110-dfo_4pwonie,red,fighter_e590e4eb0f,アトゥリうえはら,,loss
emperor-110-dfo_4pwonie-blue,emperor-110-dfo_4pwonie,blue,sakaeda,さかえだ,,win
mh-32-voviksvmlrk-red,mh-32-voviksvmlrk,red,ice_tron,アイス・トロン,,loss
mh-32-voviksvmlrk-blue,mh-32-voviksvmlrk,blue,lander_devil,ランダーデビル,,win
mh-28-ylkt9wt9zwk-red,mh-28-ylkt9wt9zwk,red,ice_tron,アイス・トロン,,unknown
mh-28-ylkt9wt9zwk-blue,mh-28-ylkt9wt9zwk,blue,fighter_5a3a5740e6,ストライン・カーン,,unknown
target-87-umme48uzwwk-red,target-87-umme48uzwwk,red,waku,わく,,unknown
target-87-umme48uzwwk-blue,target-87-umme48uzwwk,blue,frahm_gran,フラーム・グラン,,unknown
target-99-fojc5uhptkc-red,target-99-fojc5uhptkc,red,waku,わく,,win
target-99-fojc5uhptkc-blue,target-99-fojc5uhptkc,blue,fighter_c6720136f7,バイソンデビル,,loss
target-97-hkiilcnumae-red,target-97-hkiilcnumae,red,waku,わく,,unknown
target-97-hkiilcnumae-blue,target-97-hkiilcnumae,blue,fighter_15a01339a6,アミュー・エンド・ビラー,,unknown
target-100-trhpbjg3e9i-red,target-100-trhpbjg3e9i,red,waku,わく,,win
target-100-trhpbjg3e9i-blue,target-100-trhpbjg3e9i,blue,tsukurihara,つくりはら,,loss
target-93-xchkwjueaku-red,target-93-xchkwjueaku,red,waku,わく,,unknown
target-93-xchkwjueaku-blue,target-93-xchkwjueaku,blue,kitamura,きたむら,,unknown
target-92-mns910ezhl0-red,target-92-mns910ezhl0,red,rokkou,ろっこう,,unknown
target-92-mns910ezhl0-blue,target-92-mns910ezhl0,blue,fighter_3a174b0d17,スペイラ,,unknown
mh-35-qx9qzizzru8-red,mh-35-qx9qzizzru8,red,rancher_sugaya,らんちゃーすがや,,win
mh-35-qx9qzizzru8-blue,mh-35-qx9qzizzru8,blue,fighter_ffbd00f5ab,あかそ,,loss
emperor-115-cx_ge_lrruq-red,emperor-115-cx_ge_lrruq,red,fighter_4d6356d021,ゆめろう,,unknown
emperor-115-cx_ge_lrruq-blue,emperor-115-cx_ge_lrruq,blue,fighter_0f529b069a,クレイエル・アビソカ,,unknown
emperor-114-jvdwhu96dwe-red,emperor-114-jvdwhu96dwe,red,fighter_4d6356d021,ゆめろう,,unknown
emperor-114-jvdwhu96dwe-blue,emperor-114-jvdwhu96dwe,blue,sakurai,さくらい,,unknown
target-95-asrr1witayq-red,target-95-asrr1witayq,red,tsukurihara,つくりはら,,unknown
target-95-asrr1witayq-blue,target-95-asrr1witayq,blue,kyonai,きょうない,,unknown
target-94-prnriq9ymo8-red,target-94-prnriq9ymo8,red,tsuoshi,つおし,,unknown
target-94-prnriq9ymo8-blue,target-94-prnriq9ymo8,blue,tsukurihara,つくりはら,,unknown
target-97-a0e5s_8l7bk-red,target-97-a0e5s_8l7bk,red,daina,だいな,,unknown
target-97-a0e5s_8l7bk-blue,target-97-a0e5s_8l7bk,blue,fighter_ca8f747620,エメラルド・バンキー,,unknown
target-89-guswydfnwly-red,target-89-guswydfnwly,red,daina,だいな,,unknown
target-89-guswydfnwly-blue,target-89-guswydfnwly,blue,fighter_020b361a38,イベルト・キューミ,,unknown
target-96-rpyhrtbmqqg-red,target-96-rpyhrtbmqqg,red,daina,だいな,,unknown
target-96-rpyhrtbmqqg-blue,target-96-rpyhrtbmqqg,blue,tsuoshi,つおし,,unknown
target-88-rbzqpxsucyo-red,target-88-rbzqpxsucyo,red,daina,だいな,,unknown
target-88-rbzqpxsucyo-blue,target-88-rbzqpxsucyo,blue,kabuto,かぶと,,unknown
mh-32-cbwe6lcqxea-red,mh-32-cbwe6lcqxea,red,sangoku,さんごく,,win
mh-32-cbwe6lcqxea-blue,mh-32-cbwe6lcqxea,blue,fighter_675633087d,レオナルド・フォードバック,,loss
mh-36-i3q_xcgnqu0-red,mh-36-i3q_xcgnqu0,red,sangoku,さんごく,,win
mh-36-i3q_xcgnqu0-blue,mh-36-i3q_xcgnqu0,blue,fighter_a5b1c7ad26,キマイラ,,loss
mh-29-3y5_aacio9u-red,mh-29-3y5_aacio9u,red,sangoku,さんごく,,unknown
mh-29-3y5_aacio9u-blue,mh-29-3y5_aacio9u,blue,kuwashio,くわしお,,unknown
emperor-115-1xiijizqf6k-red,emperor-115-1xiijizqf6k,red,sakurai,さくらい,,loss
emperor-115-1xiijizqf6k-blue,emperor-115-1xiijizqf6k,blue,fighter_30b7a4a468,ステシエン・チェット,,win
emperor-116-gfmu865mz7a-red,emperor-116-gfmu865mz7a,red,sakaeda,さかえだ,,win
emperor-116-gfmu865mz7a-blue,emperor-116-gfmu865mz7a,blue,fighter_5d7998006d,ダイス・ヴォルケード,,loss
emperor-118-puek0yf2jrm-red,emperor-118-puek0yf2jrm,red,sakaeda,さかえだ,,loss
emperor-118-puek0yf2jrm-blue,emperor-118-puek0yf2jrm,blue,fighter_468bc73db5,ガネルソン・シャル・ワー,,win
mh-31-qfluks4xe_a-red,mh-31-qfluks4xe_a,red,kuwashio,くわしお,,unknown
mh-31-qfluks4xe_a-blue,mh-31-qfluks4xe_a,blue,fighter_7c5cf999ac,ビクトル・ナッカー,,unknown
mh-32-vtcukxw1mhq-red,mh-32-vtcukxw1mhq,red,kuwashio,くわしお,,win
mh-32-vtcukxw1mhq-blue,mh-32-vtcukxw1mhq,blue,fighter_c6b52ed0b2,バン・ベルソーザ,,loss
target-94-b4zgeurnq5m-red,target-94-b4zgeurnq5m,red,kintoki,きんとき,,unknown
target-94-b4zgeurnq5m-blue,target-94-b4zgeurnq5m,blue,fighter_a850bd04f1,サム・ラッシュ,,unknown
target-90-axwmuo68z5s-red,target-90-axwmuo68z5s,red,kintoki,きんとき,,loss
target-90-axwmuo68z5s-blue,target-90-axwmuo68z5s,blue,otosawa,おとさわ,,win
target-99-zlcjdyc17x4-red,target-99-zlcjdyc17x4,red,kyonai,きょうない,,loss
target-99-zlcjdyc17x4-blue,target-99-zlcjdyc17x4,blue,fighter_0de6ecf382,レーサー・ガルシア,,win
target-94-uac5dnojzno-red,target-94-uac5dnojzno,red,kyonai,きょうない,,win
target-94-uac5dnojzno-blue,target-94-uac5dnojzno,blue,rokkou,ろっこう,,loss
target-93-zeunufd2xjc-red,target-93-zeunufd2xjc,red,kyonai,きょうない,,loss
target-93-zeunufd2xjc-blue,target-93-zeunufd2xjc,blue,tsuoshi,つおし,,win
target-97-dcfiqm3hguy-red,target-97-dcfiqm3hguy,red,kyonai,きょうない,,unknown
target-97-dcfiqm3hguy-blue,target-97-dcfiqm3hguy,blue,katsuragi,かつらぎ,,unknown
target-91-d5p6vt8yd6e-red,target-91-d5p6vt8yd6e,red,kitamura,きたむら,,unknown
target-91-d5p6vt8yd6e-blue,target-91-d5p6vt8yd6e,blue,fighter_cdb8d47163,ワインセル,,unknown
target-87-mnuuhlkn1lm-red,target-87-mnuuhlkn1lm,red,kitamura,きたむら,,unknown
target-87-mnuuhlkn1lm-blue,target-87-mnuuhlkn1lm,blue,frahm_gran,フラーム・グラン,,unknown
target-100-lezep1guura-red,target-100-lezep1guura,red,kitamura,きたむら,,unknown
target-100-lezep1guura-blue,target-100-lezep1guura,blue,tsuoshi,つおし,,unknown
target-94-k74fho1c9oa-red,target-94-k74fho1c9oa,red,kitamura,きたむら,,unknown
target-94-k74fho1c9oa-blue,target-94-k74fho1c9oa,blue,daina,だいな,,unknown
mh-29-xv2i76qlrti-red,mh-29-xv2i76qlrti,red,kawakami,かわかみ,,loss
mh-29-xv2i76qlrti-blue,mh-29-xv2i76qlrti,blue,rolling_jr,ローリングジュニア,,win
mh-31-gapmkahkaca-red,mh-31-gapmkahkaca,red,kawakami,かわかみ,,loss
mh-31-gapmkahkaca-blue,mh-31-gapmkahkaca,blue,fighter_4315a5de6a,ヨルセン・バクダリア,,win
mh-28-k73xvvbyvdq-red,mh-28-k73xvvbyvdq,red,kawakami,かわかみ,,unknown
mh-28-k73xvvbyvdq-blue,mh-28-k73xvvbyvdq,blue,fighter_a5b1c7ad26,キマイラ,,unknown
target-95-szu3dddzt7i-red,target-95-szu3dddzt7i,red,kabei,かべい,,win
target-95-szu3dddzt7i-blue,target-95-szu3dddzt7i,blue,fighter_31e0efe5d2,シガー・ユーナイム,,loss
target-100-cfrmhlwri38-red,target-100-cfrmhlwri38,red,kabei,かべい,,loss
target-100-cfrmhlwri38-blue,target-100-cfrmhlwri38,blue,gitamin_aaron,ギタミン・アーロン,,win
target-93-pdnwpfzix_s-red,target-93-pdnwpfzix_s,red,kabei,かべい,,unknown
target-93-pdnwpfzix_s-blue,target-93-pdnwpfzix_s,blue,kazeno,かぜの,,unknown
target-93-ylxlp33n0ga-red,target-93-ylxlp33n0ga,red,kabuto,かぶと,,loss
target-93-ylxlp33n0ga-blue,target-93-ylxlp33n0ga,blue,tsukurihara,つくりはら,,win
target-94-jo26n2x7374-red,target-94-jo26n2x7374,red,katsuragi,かつらぎ,,loss
target-94-jo26n2x7374-blue,target-94-jo26n2x7374,blue,fighter_0de6ecf382,レーサー・ガルシア,,win
target-95-bvdghnzn_b0-red,target-95-bvdghnzn_b0,red,otosawa,おとさわ,,win
target-95-bvdghnzn_b0-blue,target-95-bvdghnzn_b0,blue,fighter_e9d2feca82,ミハエル・ボタルニカ,,loss
target-98-eecspfndgri-red,target-98-eecspfndgri,red,otosawa,おとさわ,,unknown
target-98-eecspfndgri-blue,target-98-eecspfndgri,blue,zamon,ザモン,,unknown
target-87-5zbvriy_62w-red,target-87-5zbvriy_62w,red,otosawa,おとさわ,,unknown
target-87-5zbvriy_62w-blue,target-87-5zbvriy_62w,blue,kabei,かべい,,unknown
elite-spirits-middleweight-gp-1gjvqnjwjo4-red,elite-spirits-middleweight-gp-1gjvqnjwjo4,red,fighter_3c507e2d6d,エス・ガリオン,,unknown
elite-spirits-middleweight-gp-1gjvqnjwjo4-blue,elite-spirits-middleweight-gp-1gjvqnjwjo4,blue,fighter_41a3b1ba33,ジャニマード・トスパチ,,unknown
elite-spirits-middleweight-gp-mtwfjz88t8q-red,elite-spirits-middleweight-gp-mtwfjz88t8q,red,aurora_devil,オーロラデビル,,unknown
elite-spirits-middleweight-gp-mtwfjz88t8q-blue,elite-spirits-middleweight-gp-mtwfjz88t8q,blue,python_hayashi,ぱいそんはやし,,unknown
elite-spirits-middleweight-gp-youvqzjbhty-red,elite-spirits-middleweight-gp-youvqzjbhty,red,fighter_c98552cdc9,Ｂ オーロラデビル,,unknown
elite-spirits-middleweight-gp-youvqzjbhty-blue,elite-spirits-middleweight-gp-youvqzjbhty,blue,fighter_3c507e2d6d,エス・ガリオン,,unknown
elite-spirits-middleweight-gp-0f7ci7mo380-red,elite-spirits-middleweight-gp-0f7ci7mo380,red,fighter_41a3b1ba33,ジャニマード・トスパチ,,unknown
elite-spirits-middleweight-gp-0f7ci7mo380-blue,elite-spirits-middleweight-gp-0f7ci7mo380,blue,kodama,こだま,,unknown
elite-spirits-middleweight-gp-ivzr3cr_yka-red,elite-spirits-middleweight-gp-ivzr3cr_yka,red,python_hayashi,ぱいそんはやし,,unknown
elite-spirits-middleweight-gp-ivzr3cr_yka-blue,elite-spirits-middleweight-gp-ivzr3cr_yka,blue,fighter_d3f7158d8a,アンディ・ザメス,,unknown
elite-spirits-middleweight-gp-n20_g5cynje-red,elite-spirits-middleweight-gp-n20_g5cynje,red,ginnosuke,ぎんのすけ,,unknown
elite-spirits-middleweight-gp-n20_g5cynje-blue,elite-spirits-middleweight-gp-n20_g5cynje,blue,aurora_devil,オーロラデビル,,unknown
elite-spirits-middleweight-gp-tg_jild1vk0-red,elite-spirits-middleweight-gp-tg_jild1vk0,red,kazeno,かぜの,,unknown
elite-spirits-middleweight-gp-tg_jild1vk0-blue,elite-spirits-middleweight-gp-tg_jild1vk0,blue,fighter_3c507e2d6d,エス・ガリオン,,unknown
mh-37-e8wdonlgqdm-red,mh-37-e8wdonlgqdm,red,fighter_5fa6c40d05,ヤック・ティアット,,unknown
mh-37-e8wdonlgqdm-blue,mh-37-e8wdonlgqdm,blue,fighter_130ce1e900,キクチ・ピアノセン,,unknown
mh-37-wb89rr2aolc-red,mh-37-wb89rr2aolc,red,fighter_0f7f08df67,トゥワックデビル,,unknown
mh-37-wb89rr2aolc-blue,mh-37-wb89rr2aolc,blue,fighter_169d4ecfe8,ラドフ,,unknown
mh-37-ja9gvq_3_w0-red,mh-37-ja9gvq_3_w0,red,rancher_sugaya,らんちゃーすがや,,win
mh-37-ja9gvq_3_w0-blue,mh-37-ja9gvq_3_w0,blue,fighter_392d495da8,ライン・デュオ,,loss
mh-37-4hk_8kwcxao-red,mh-37-4hk_8kwcxao,red,fighter_d9983ebeb3,クロノ・マリーケン,,loss
mh-37-4hk_8kwcxao-blue,mh-37-4hk_8kwcxao,blue,fighter_5f53eea569,オーシューワイルド,,win
